-- MySQL dump 10.13  Distrib 8.0.36, for Win64 (x86_64)
--
-- Host: localhost    Database: newschema
-- ------------------------------------------------------
-- Server version	8.0.36

/*!40101 SET @OLD_CHARACTER_SET_CLIENT=@@CHARACTER_SET_CLIENT */;
/*!40101 SET @OLD_CHARACTER_SET_RESULTS=@@CHARACTER_SET_RESULTS */;
/*!40101 SET @OLD_COLLATION_CONNECTION=@@COLLATION_CONNECTION */;
/*!50503 SET NAMES utf8 */;
/*!40103 SET @OLD_TIME_ZONE=@@TIME_ZONE */;
/*!40103 SET TIME_ZONE='+00:00' */;
/*!40014 SET @OLD_UNIQUE_CHECKS=@@UNIQUE_CHECKS, UNIQUE_CHECKS=0 */;
/*!40014 SET @OLD_FOREIGN_KEY_CHECKS=@@FOREIGN_KEY_CHECKS, FOREIGN_KEY_CHECKS=0 */;
/*!40101 SET @OLD_SQL_MODE=@@SQL_MODE, SQL_MODE='NO_AUTO_VALUE_ON_ZERO' */;
/*!40111 SET @OLD_SQL_NOTES=@@SQL_NOTES, SQL_NOTES=0 */;

--
-- Table structure for table `atleta`
--

DROP TABLE IF EXISTS `atleta`;
/*!40101 SET @saved_cs_client     = @@character_set_client */;
/*!50503 SET character_set_client = utf8mb4 */;
CREATE TABLE `atleta` (
  `AtletaID` int NOT NULL,
  `Nome_Principal` varchar(200) NOT NULL,
  `Nome_Complemento` varchar(200) DEFAULT NULL,
  `Sexo` varchar(1) NOT NULL,
  `Data_Nascimento` date NOT NULL,
  `Data_Morte` date DEFAULT NULL,
  `Cidade_Nascimento` varchar(50) NOT NULL,
  `Estado_Nascimento` varchar(50) DEFAULT NULL,
  `Pais_Nascimento` varchar(50) NOT NULL,
  UNIQUE KEY `Nome_UNIQUE` (`Nome_Principal`)
) ENGINE=InnoDB DEFAULT CHARSET=utf8mb4 COLLATE=utf8mb4_0900_ai_ci;
/*!40101 SET character_set_client = @saved_cs_client */;

--
-- Dumping data for table `atleta`
--

LOCK TABLES `atleta` WRITE;
/*!40000 ALTER TABLE `atleta` DISABLE KEYS */;
INSERT INTO `atleta` VALUES (384,'Abner Teixeira',NULL,'M','1996-09-10',NULL,'Osasco','São Paulo','Brasil'),(388,'Abner Vinícius',NULL,'M','2000-05-27',NULL,'Presidente Prudente','São Paulo','Brasil'),(71,'Ademir Kaefer',NULL,'M','1960-01-06',NULL,'Toledo','Paraná','Brasil'),(322,'Adenízia Ferreira',NULL,'F','1986-12-18',NULL,'Ibiaí','Minas Gerais','Brasil'),(17,'Adhemar Ferreira da Silva',NULL,'M','1927-09-29','2001-01-12','São Paulo','São Paulo','Brasil'),(301,'Adriana Araújo',NULL,'F','1981-11-04',NULL,'Salvador','Bahia','Brasil'),(184,'Adriana Behar',NULL,'F','1969-02-14',NULL,'Rio de Janeiro','Rio de Janeiro','Brasil'),(128,'Adriana Samuel',NULL,'F','1966-04-12',NULL,'Resende','Rio de Janeiro','Brasil'),(168,'Adriana Santos',NULL,'F','1971-01-18',NULL,'São Bernardo do Campo','São Paulo','Brasil'),(437,'Adriana Silva',NULL,'F','1996-11-17',NULL,'União','Piauí','Brasil'),(197,'Adrianinha','Adriana Moisés Pinto','F','1978-12-06',NULL,'Franca','São Paulo','Brasil'),(6,'Affonso Évora',NULL,'M','1918-08-26','2008-08-02','Rio de Janeiro','Rio de Janeiro','Brasil'),(1,'Afrânio da Costa',NULL,'M','1892-03-14','1979-06-26','Macaé','Rio de Janeiro','Brasil'),(342,'Ágatha Rippel',NULL,'F','1983-06-22',NULL,'Curitiba','Paraná','Brasil'),(7,'Alberto Marson',NULL,'M','1925-02-24','2018-04-25','Casa Branca','São Paulo','Brasil'),(137,'Aldair','Aldair Nascimento dos Santos','M','1965-11-30',NULL,'Ilhéus','Bahia','Brasil'),(169,'Alessandra Oliveira',NULL,'F','1973-12-02',NULL,'São Paulo','São Paulo','Brasil'),(307,'Alex Sandro',NULL,'M','1991-01-26',NULL,'Catanduva','São Paulo','Brasil'),(255,'Alex Silva',NULL,'M','1985-03-10',NULL,'Amparo','São Paulo','Brasil'),(49,'Alex Welter','Alexandre Welter','M','1953-06-30',NULL,'São Paulo','São Paulo','Brasil'),(8,'Alexandre Gemignani',NULL,'M','1925-06-26','1998-03-08','São Paulo','São Paulo','Brasil'),(256,'Alexandre Pato','Alexandre Rodrigues da Silva','M','1989-09-02',NULL,'Pato Branco','Paraná','Brasil'),(9,'Alfredo da Motta',NULL,'M','1921-01-12','1998-04-22','Rio de Janeiro','Rio de Janeiro','Brasil'),(15,'Algodão','Zenny de Azevedo','M','1925-03-01','2001-03-10','Rio de Janeiro','Rio de Janeiro','Brasil'),(209,'Aline Pellegrino',NULL,'F','1982-07-06',NULL,'São Paulo','São Paulo','Brasil'),(304,'Alison Cerutti',NULL,'M','1985-12-07',NULL,'Cachoeiro de Itapemirim','Espírito Santo','Brasil'),(383,'Alison dos Santos',NULL,'M','2000-06-03',NULL,'São Joaquim da Barra','São Paulo','Brasil'),(93,'Aloísio','Aloísio Pires Alves','M','1963-08-16',NULL,'Pelotas','Rio Grande do Sul','Brasil'),(138,'Amaral','Alexandre da Silva Mariano','M','1973-02-28',NULL,'Capivari','São Paulo','Brasil'),(59,'Amauri Ribeiro',NULL,'M','1959-01-23',NULL,'São Paulo','São Paulo','Brasil'),(20,'Amaury Pasos',NULL,'M','1935-12-11',NULL,'São Paulo','São Paulo','Brasil'),(411,'Ana Beatriz Correa',NULL,'F','1992-02-07',NULL,'Sorocaba','São Paulo','Brasil'),(413,'Ana Cristina Souza',NULL,'F','2004-04-07',NULL,'Rio de Janeiro','Rio de Janeiro','Brasil'),(153,'Ana Flávia',NULL,'F','1970-06-20',NULL,'Belo Horizonte','Minas Gerais','Brasil'),(385,'Ana Marcela Cunha',NULL,'F','1992-03-23',NULL,'Salvador','Bahia','Brasil'),(154,'Ana Moser',NULL,'F','1968-08-14',NULL,'Blumenau','Santa Catarina','Brasil'),(435,'Ana Patrícia',NULL,'F','1997-09-29',NULL,'Espinosa','Minas Gerais','Brasil'),(155,'Ana Paula Henkel',NULL,'F','1972-02-13',NULL,'Lavras','Minas Gerais','Brasil'),(438,'Ana Vitória',NULL,'F','2000-03-06',NULL,'Rondonópolis','Mato Grosso','Brasil'),(257,'Anderson Oliveira',NULL,'M','1988-04-13',NULL,'Porto Alegre','Rio Grande do Sul','Brasil'),(228,'Anderson Rodrigues',NULL,'M','1974-05-21',NULL,'Belo Horizonte','Minas Gerais','Brasil'),(94,'Andrade','Jorge Luís Andrade','M','1957-04-21',NULL,'Juiz de Fora','Minas Gerais','Brasil'),(95,'André Cruz',NULL,'M','1968-09-20',NULL,'Piracicaba','São Paulo','Brasil'),(165,'André Domingos',NULL,'M','1972-11-26',NULL,'Santo André','São Paulo','Brasil'),(229,'André Heller',NULL,'M','1975-12-17',NULL,'Novo Hamburgo','Rio Grande do Sul','Brasil'),(133,'André Johannpeter',NULL,'M','1963-03-17',NULL,'Porto Alegre','Rio Grande do Sul','Brasil'),(72,'André Luis Ferreira',NULL,'M','1959-10-21',NULL,'Porto Alegre','Rio Grande do Sul','Brasil'),(139,'André Luiz',NULL,'M','1974-11-14',NULL,'São Paulo','São Paulo','Brasil'),(230,'André Nascimento',NULL,'M','1979-03-04',NULL,'São João de Meriti','Rio de Janeiro','Brasil'),(244,'Andréia Rosa',NULL,'F','1984-07-08',NULL,'Araraquara','São Paulo','Brasil'),(210,'Andréia Suntaque',NULL,'F','1977-09-14',NULL,'Nava Cantu','Paraná','Brasil'),(439,'Angelina Alonso',NULL,'F','2000-01-26',NULL,'Jersey City',NULL,'Estados Unidos'),(440,'Antonia Silva',NULL,'F','1994-04-26',NULL,'Riacho de Santana','Rio Grande do Norte','Brasil'),(389,'Antony','Antony Matheus dos Santos','M','2000-02-24',NULL,'Osasco','São Paulo','Brasil'),(166,'Arnaldo Oliveira',NULL,'M','1964-03-26',NULL,'Rio de Janeiro','Rio de Janeiro','Brasil'),(336,'Arthur Nory',NULL,'M','1993-09-18',NULL,'Campinas','São Paulo','Brasil'),(300,'Arthur Zanetti',NULL,'M','1990-04-16',NULL,'São Caetano do Sul','São Paulo','Brasil'),(433,'Augusto Akio',NULL,'M','2000-12-12',NULL,'Curitiba','Paraná','Brasil'),(92,'Aurélio Miguel',NULL,'M','1964-03-10',NULL,'São Paulo','São Paulo','Brasil'),(60,'Badalhoca','Antônio Carlos Gueiros Ribeiro','M','1957-10-05',NULL,'Rio de Janeiro','Rio de Janeiro','Brasil'),(245,'Bárbara Micheline',NULL,'F','1988-07-04',NULL,'Recife','Pernambuco','Brasil'),(343,'Bárbara Seixas',NULL,'F','1987-08-03',NULL,'Rio de Janeiro','Rio de Janeiro','Brasil'),(96,'Batista','João Batista dos Santos','M','1961-07-20',NULL,'Uberlândia','Minas Gerais','Brasil'),(410,'Beatriz Ferreira',NULL,'F','1992-12-09',NULL,'Salvador','Bahia','Brasil'),(427,'Beatriz Souza',NULL,'F','1998-05-20',NULL,'Itariri','São Paulo','Brasil'),(97,'Bebeto','José Roberto Gama de Oliveira','M','1964-02-16',NULL,'Salvador','Bahia','Brasil'),(61,'Bernard','Bernard Rajzman','M','1957-04-25',NULL,'Rio de Janeiro','Rio de Janeiro','Brasil'),(62,'Bernardinho','Bernardo Rocha de Rezende','M','1959-08-25',NULL,'Rio de Janeiro','Rio de Janeiro','Brasil'),(170,'Branca','Maria Angélica Gonçalves da Silva','F','1966-01-10',NULL,'Osvaldo Cruz','São Paulo','Brasil'),(390,'Brenno Oliveira',NULL,'M','1999-04-01',NULL,'Sorocaba','São Paulo','Brasil'),(258,'Breno Borges',NULL,'M','1989-10-13',NULL,'Cruzeiro','São Paulo','Brasil'),(382,'Bruno Fratus',NULL,'M','1989-06-30',NULL,'Macaé','Rio de Janeiro','Brasil'),(391,'Bruno Fuchs',NULL,'M','1999-04-01',NULL,'Ponta Grossa','Paraná','Brasil'),(392,'Bruno Guimarães',NULL,'M','1997-11-16',NULL,'Rio de Janeiro','Rio de Janeiro','Brasil'),(277,'Bruno Lins',NULL,'M','1987-01-07',NULL,'Maceió','Alagoas','Brasil'),(243,'Bruno Prada',NULL,'M','1971-07-31',NULL,'São Paulo','São Paulo','Brasil'),(291,'Bruno Rezende',NULL,'M','1986-07-02',NULL,'Rio de Janeiro','Rio de Janeiro','Brasil'),(346,'Bruno Schmidt',NULL,'M','1986-10-06',NULL,'Brasília','Distrito Federal','Brasil'),(308,'Bruno Uvini',NULL,'M','1991-06-03',NULL,'Capivari','São Paulo','Brasil'),(37,'Burkhard Cordes',NULL,'M','1939-05-15',NULL,'Darmstadt',NULL,'Alemanha'),(426,'Caio Bonfim',NULL,'M','1991-03-19',NULL,'Sobradinho','Distrito Federal','Brasil'),(414,'Camila Brait',NULL,'F','1988-10-28',NULL,'Frutal','Minas Gerais','Brasil'),(113,'Carlão','Antônio Carlos Aguiar Gouvêia','M','1965-04-20',NULL,'Rio Branco','Acre','Brasil'),(183,'Carlos Honorato',NULL,'M','1974-11-09',NULL,'São Paulo','São Paulo','Brasil'),(180,'Carlos Jayme',NULL,'M','1980-06-13',NULL,'Goiânia','Goiás','Brasil'),(281,'Carol Albuquerque',NULL,'F','1977-07-25',NULL,'Porto Alegre','Rio Grande do Sul','Brasil'),(415,'Carol Gattaz',NULL,'F','1981-07-27',NULL,'Rio de Janeiro','Rio de Janeiro','Brasil'),(412,'Carolana','Ana Carolina da Silva','F','1991-04-08',NULL,'Belo Horizonte','Minas Gerais','Brasil'),(240,'César Cielo',NULL,'M','1987-01-10',NULL,'Santa Bárbara d\'Oeste','São Paulo','Brasil'),(40,'Chiaki Ishii',NULL,'M','1941-10-01',NULL,'Ashikaga',NULL,'Japão'),(73,'Chicão Vidal','Francisco Carlos Martins Vidal','M','1962-09-04',NULL,'Rio Brilhante','Mato Grosso do Sul','Brasil'),(171,'Cíntia Tuiú','Cíntia Silva dos Santos','F','1975-01-31',NULL,'Mauá','São Paulo','Brasil'),(172,'Cláudia Pastor',NULL,'F','1971-07-15',NULL,'Barão de Cocais','Minas Gerais','Brasil'),(203,'Claudinei Quirino',NULL,'M','1970-11-19',NULL,'Lençóis Paulista','São Paulo','Brasil'),(198,'Cláudinha','Cláudia Maria das Neves','F','1975-02-17',NULL,'Guarujá','São Paulo','Brasil'),(393,'Claudinho','Cláudio Luiz Rodrigues','M','1997-01-28',NULL,'Guarulhos','São Paulo','Brasil'),(204,'Cláudio Roberto',NULL,'M','1973-10-14',NULL,'Teresina','Piauí','Brasil'),(88,'Clínio Freitas',NULL,'M','1964-01-08',NULL,'Niterói','Rio de Janeiro','Brasil'),(278,'Codó','José Carlos Gomes Moreira','M','1983-09-28',NULL,'Codó','Maranhão','Brasil'),(211,'Cristiane','Cristiane Rozeira de Souza Silva','F','1985-05-15',NULL,'Osasco','São Paulo','Brasil'),(43,'Cyro Delgado',NULL,'M','1961-05-11',NULL,'União da Vitória','Paraná','Brasil'),(323,'Dani Lins','Danielle Lins','F','1985-01-05',NULL,'Recife','Pernambuco','Brasil'),(54,'Daniel Adler',NULL,'M','1958-04-16',NULL,'Rio de Janeiro','Rio de Janeiro','Brasil'),(394,'Daniel Alves',NULL,'M','1983-05-06',NULL,'Juazeiro','Bahia','Brasil'),(375,'Daniel Cargnin',NULL,'M','1997-12-20',NULL,'Porto Alegre','Rio Grande do Sul','Brasil'),(212,'Daniela Alves',NULL,'F','1984-01-12',NULL,'São Paulo','São Paulo','Brasil'),(309,'Danilo Luiz da Silva',NULL,'M','1991-07-15',NULL,'Bicas','Minas Gerais','Brasil'),(231,'Dante Amaral',NULL,'M','1980-09-30',NULL,'Itumbiara','Goiás','Brasil'),(2,'Dario Barbosa',NULL,'M','1882-07-21','1965-09-25','Porto Alegre','Rio Grande do Sul','Brasil'),(74,'Davi Silva','David Cortez da Silva','M','1963-11-19',NULL,'Rio de Janeiro','Rio de Janeiro','Brasil'),(213,'Dayane Rocha',NULL,'F','1985-05-13',NULL,'Curitiba','Paraná','Brasil'),(458,'Diana Duarte',NULL,'F','1999-02-22',NULL,'Barueri','São Paulo','Brasil'),(140,'Dida','Nelson de Jesus Silva','M','1973-10-07',NULL,'Salvador','Bahia','Brasil'),(259,'Diego Alves',NULL,'M','1985-06-24',NULL,'Rio de Janeiro','Rio de Janeiro','Brasil'),(395,'Diego Carlos',NULL,'M','1993-03-15',NULL,'Barra Bonita','São Paulo','Brasil'),(337,'Diego Hipólito',NULL,'M','1986-06-19',NULL,'Santo André','São Paulo','Brasil'),(260,'Diego Ribas',NULL,'M','1985-02-28',NULL,'Ribeirão Preto','São Paulo','Brasil'),(44,'Djan Madruga',NULL,'M','1958-12-07',NULL,'Santos','São Paulo','Brasil'),(134,'Doda','Álvaro Affonso de Miranda Neto','M','1973-02-05',NULL,'São Paulo','São Paulo','Brasil'),(63,'Domingos Maracanã','Domingos Lampariello Neto','M','1961-03-07',NULL,'São Paulo','São Paulo','Brasil'),(114,'Douglas Chiarotti',NULL,'M','1970-11-10',NULL,'Santo André','São Paulo','Brasil'),(396,'Douglas Luiz',NULL,'M','1998-05-09',NULL,'Rio de Janeiro','Rio de Janeiro','Brasil'),(348,'Douglas Santos',NULL,'M','1994-03-22',NULL,'João Pessoa','Paraíba','Brasil'),(366,'Douglas Souza',NULL,'M','1995-08-20',NULL,'Santa Bárbara d\'Oeste','São Paulo','Brasil'),(58,'Douglas Vieira',NULL,'M','1960-06-17',NULL,'Londrina','Paraná','Brasil'),(436,'Duda Lisboa','Eduarda Santos Lisboa','F','1998-08-01',NULL,'Aracaju','Sergipe','Brasil'),(441,'Duda Sampaio','Maria Eduarda Sampaio','F','2001-05-18',NULL,'Jequeri','Minas Gerais','Brasil'),(75,'Dunga','Carlos Caetano Bledorn Verri','M','1963-10-31',NULL,'Ijuí','Rio Grande do Sul','Brasil'),(367,'Éder Carbonera',NULL,'M','1983-10-19',NULL,'Farroupilha','Rio Grande do Sul','Brasil'),(434,'Edival Pontes',NULL,'M','1997-10-11',NULL,'João Pessoa','Paraíba','Brasil'),(99,'Edmar Bernardes',NULL,'M','1960-01-20',NULL,'Araxá','Minas Gerais','Brasil'),(21,'Édson Bispo',NULL,'M','1935-05-27','2011-02-12','Rio de Janeiro','Rio de Janeiro','Brasil'),(167,'Edson Luciano',NULL,'M','1972-12-08',NULL,'Bandeirantes','Paraná','Brasil'),(47,'Eduardo Penido',NULL,'M','1960-01-23',NULL,'Rio de Janeiro','Rio de Janeiro','Brasil'),(181,'Edvaldo Valério',NULL,'M','1978-04-20',NULL,'Salvador','Bahia','Brasil'),(31,'Edvar Simões','José Edvar Simões','M','1943-04-23',NULL,'São José dos Campos','São Paulo','Brasil'),(214,'Elaine Moura',NULL,'F','1982-11-01',NULL,'Salvador','Bahia','Brasil'),(188,'Elisângela Oliveira',NULL,'F','1978-10-30',NULL,'Londrina','Paraná','Brasil'),(208,'Emanuel Rego',NULL,'M','1973-04-15',NULL,'Curitiba','Paraná','Brasil'),(189,'Érika Coimbra',NULL,'F','1980-03-23',NULL,'Belo Horizonte','Minas Gerais','Brasil'),(246,'Érika Cristiano',NULL,'F','1988-02-04',NULL,'São Paulo','São Paulo','Brasil'),(347,'Erlon Souza',NULL,'M','1991-06-23',NULL,'Ubatã','Bahia','Brasil'),(306,'Esquiva Falcão',NULL,'M','1989-12-12',NULL,'Serra','Espírito Santo','Brasil'),(247,'Ester Santos',NULL,'F','1982-12-09',NULL,'Guarulhos','São Paulo','Brasil'),(368,'Evandro Guerra',NULL,'M','1981-12-27',NULL,'Ibirá','São Paulo','Brasil'),(282,'Fabi Alvim','Fabiana Alvim de Oliveira','F','1980-03-07',NULL,'Rio de Janeiro','Rio de Janeiro','Brasil'),(248,'Fabiana Baiana','Fabiana da Silva Simões','F','1989-08-04',NULL,'Salvador','Bahia','Brasil'),(283,'Fabiana Claudino',NULL,'F','1985-01-24',NULL,'Belo Horizonte','Minas Gerais','Brasil'),(252,'Fábio Luiz',NULL,'M','1979-03-13',NULL,'Marataízes','Espírito Santo','Brasil'),(349,'Felipe Anderson',NULL,'M','1993-04-15',NULL,'Brasília','Distrito Federal','Brasil'),(295,'Felipe Kitadai',NULL,'M','1989-07-28',NULL,'São Paulo','São Paulo','Brasil'),(334,'Felipe Wu',NULL,'M','1992-06-11',NULL,'São Paulo','São Paulo','Brasil'),(325,'Fernanda Garay',NULL,'F','1986-11-10',NULL,'Porto Alegre','Rio Grande do Sul','Brasil'),(241,'Fernanda Oliveira',NULL,'F','1980-12-19',NULL,'Porto Alegre','Rio Grande do Sul','Brasil'),(156,'Fernanda Venturini',NULL,'F','1970-10-24',NULL,'Araraquara','São Paulo','Brasil'),(64,'Fernandão','Fernando Roscio de Ávila','M','1955-02-08',NULL,'Rio de Janeiro','Rio de Janeiro','Brasil'),(324,'Fernandinha Ferreira','Fernanda Cristina Ferreira','F','1980-01-10',NULL,'Belo Horizonte','Minas Gerais','Brasil'),(22,'Fernando Brobró','Fernando Pereira de Freitas','M','1934-07-18','2006-02-10','Niterói','Rio de Janeiro','Brasil'),(377,'Fernando Scheffer',NULL,'M','1998-04-06',NULL,'Canoas','Rio Grande do Sul','Brasil'),(125,'Fernando Scherer',NULL,'M','1974-10-06',NULL,'Florianópolis','Santa Catarina','Brasil'),(3,'Fernando Soledade',NULL,'M','1879-02-05','1959-05-06','Rio de Janeiro','Rio de Janeiro','Brasil'),(157,'Filó','Ericleia Bodziak','F','1969-09-26',NULL,'Curitiba','Paraná','Brasil'),(422,'Flávia Saraiva',NULL,'F','1999-09-30',NULL,'Rio de Janeiro','Rio de Janeiro','Brasil'),(207,'Flávio Canto',NULL,'M','1975-04-16',NULL,'Oxford',NULL,'Inglaterra'),(141,'Flávio Conceição',NULL,'M','1974-06-12',NULL,'Santa Maria da Serra','São Paulo','Brasil'),(158,'Fofão','Hélia Rogério de Souza','F','1970-03-10',NULL,'São Paulo','São Paulo','Brasil'),(215,'Formiga','Maraildes Maciel Mota','F','1978-03-03',NULL,'Salvador','Bahia','Brasil'),(249,'Fran','Francielle Manoel Alberto','F','1989-10-18',NULL,'São Paulo','São Paulo','Brasil'),(32,'Fritz Braun','Friedrich Wilhelm Braun','M','1941-07-18',NULL,'Rio de Janeiro','Rio de Janeiro','Brasil'),(416,'Gabi Guimarães','Gabriela Guimarães','F','1994-05-19',NULL,'Belo Horizonte','Minas Gerais','Brasil'),(442,'Gabi Nunes','Gabriela Nunes','F','1997-03-10',NULL,'São Paulo','São Paulo','Brasil'),(443,'Gabi Portilho','Gabrielle Portilho','F','1995-07-18',NULL,'Brasília','Distrito Federal','Brasil'),(350,'Gabriel Barbosa',NULL,'M','1996-08-30',NULL,'São Bernardo do Campo','São Paulo','Brasil'),(351,'Gabriel Jesus',NULL,'M','1997-04-03',NULL,'São Paulo','São Paulo','Brasil'),(397,'Gabriel Martinelli',NULL,'M','2001-06-18',NULL,'Guarulhos','São Paulo','Brasil'),(431,'Gabriel Medina',NULL,'M','1993-12-22',NULL,'São Sebastião','São Paulo','Brasil'),(398,'Gabriel Menino',NULL,'M','2000-09-29',NULL,'Morungaba','São Paulo','Brasil'),(310,'Gabriel Vasconcelos',NULL,'M','1992-09-27',NULL,'Unaí','Minas Gerais','Brasil'),(100,'Geovani Silva',NULL,'M','1964-04-06',NULL,'Vitória','Espírito Santo','Brasil'),(232,'Giba','Gilberto Amauri Godoy Filho','M','1976-12-23',NULL,'Londrina','Paraná','Brasil'),(76,'Gilmar Popoca','Augilmar Silva Oliveira','M','1964-02-18',NULL,'Manaus','Amazonas','Brasil'),(77,'Gilmar Rinaldi',NULL,'M','1959-01-13',NULL,'Erechim','Rio Grande do Sul','Brasil'),(115,'Giovane Gávio',NULL,'M','1970-09-07',NULL,'Juiz de Fora','Minas Gerais','Brasil'),(216,'Grazielle Nascimento',NULL,'F','1981-03-28',NULL,'Brasília','Distrito Federal','Brasil'),(399,'Guilherme Arana',NULL,'M','1997-04-14',NULL,'São Paulo','São Paulo','Brasil'),(4,'Guilherme Paraense',NULL,'M','1884-06-25','1968-04-18','Belém','Pará','Brasil'),(428,'Guilherme Schimidt',NULL,'M','2000-11-06',NULL,'Brasília','Distrito Federal','Brasil'),(111,'Gustavo Borges',NULL,'M','1972-12-02',NULL,'Ribeirão Preto','São Paulo','Brasil'),(233,'Gustavo Endres',NULL,'M','1975-08-23',NULL,'Passo Fundo','Rio Grande do Sul','Brasil'),(98,'Hamilton Careca','Hamilton de Souza','M','1968-09-27',NULL,'Passos','Minas Gerais','Brasil'),(387,'Hebert Conceição',NULL,'M','1998-02-28',NULL,'Salvador','Bahia','Brasil'),(199,'Helen Luz',NULL,'F','1972-11-23',NULL,'Araçatuba','São Paulo','Brasil'),(124,'Henrique Guimarães',NULL,'M','1972-09-09',NULL,'São Paulo','São Paulo','Brasil'),(261,'Hernanes','Anderson Hernanes de Carvalho','M','1985-05-29',NULL,'Recife','Pernambuco','Brasil'),(159,'Hilma Caldeira',NULL,'F','1972-01-05',NULL,'Diamantina','Minas Gerais','Brasil'),(173,'Hortência','Hortência de Fátima Marcari','F','1959-09-24',NULL,'Potirendaba','São Paulo','Brasil'),(311,'Hulk','Givanildo Vieira de Souza','M','1986-07-25',NULL,'Campina Grande','Paraíba','Brasil'),(160,'Ida Álvares','Ana Margarida Vieira Álvares','F','1965-01-22',NULL,'São Paulo','São Paulo','Brasil'),(262,'Ilsinho','Ilson Pereira Dias Júnior','M','1985-01-12',NULL,'São Bernardo do Campo','São Paulo','Brasil'),(242,'Isabel Swan',NULL,'F','1983-11-18',NULL,'Rio de Janeiro','Rio de Janeiro','Brasil'),(340,'Isaquias Queiroz',NULL,'M','1994-01-03',NULL,'Ubaitaba','Bahia','Brasil'),(378,'Ítalo Ferreira',NULL,'M','1994-05-06',NULL,'Baía Formosa','Rio Grande do Norte','Brasil'),(126,'Jackie Silva','Jacqueline Louise Cruz Silva','F','1962-02-13',NULL,'Rio de Janeiro','Rio de Janeiro','Brasil'),(423,'Jade Barbosa',NULL,'F','1991-07-01',NULL,'Rio de Janeiro','Rio de Janeiro','Brasil'),(116,'Janelson Carvalho',NULL,'M','1969-03-24',NULL,'Porto Alegre','Rio Grande do Sul','Brasil'),(174,'Janeth','Janeth Arcain','F','1969-04-11',NULL,'Carapicuíba','São Paulo','Brasil'),(190,'Janina','Janina Déia Chagas da Conceição','F','1972-10-25',NULL,'Rio de Janeiro','Rio de Janeiro','Brasil'),(284,'Jaqueline Carvalho',NULL,'F','1983-12-31',NULL,'Recife','Pernambuco','Brasil'),(23,'Jatyr','Jatyr Eduardo Schall','M','1938-10-18',NULL,'São Paulo','São Paulo','Brasil'),(444,'Jheniffer Cordinali',NULL,'F','2001-11-06',NULL,'São Paulo','São Paulo','Brasil'),(263,'Jô','João Alves de Assis Silva','M','1987-03-20',NULL,'São Paulo','São Paulo','Brasil'),(42,'João do Pulo','João Carlos de Oliveira','M','1954-05-28','1999-05-29','Pindamonhangaba','São Paulo','Brasil'),(10,'João Francisco Bráz',NULL,'M','1920-11-25','1996-09-11','São Paulo','São Paulo','Brasil'),(101,'João Paulo','Sérgio Donizeti Luiz','M','1964-07-09',NULL,'Campinas','São Paulo','Brasil'),(53,'Joaquim Cruz',NULL,'M','1963-03-12',NULL,'Taguatinga','Distrito Federal','Brasil'),(117,'Jorge Edson',NULL,'M','1966-10-13',NULL,'Porto Alegre','Rio Grande do Sul','Brasil'),(45,'Jorge Fernandes',NULL,'M','1962-04-03',NULL,'Rio de Janeiro','Rio de Janeiro','Brasil'),(102,'Jorginho','Jorge de Amorim Campos','M','1964-08-17',NULL,'Rio de Janeiro','Rio de Janeiro','Brasil'),(16,'José Telles da Conceição',NULL,'M','1931-05-23','1974-10-18','Rio de Janeiro','Rio de Janeiro','Brasil'),(312,'Juan Jesus',NULL,'M','1991-06-10',NULL,'Belo Horizonte','Minas Gerais','Brasil'),(459,'Julia Bergmann',NULL,'F','2001-02-21',NULL,'Munique',NULL,'Alemanha'),(424,'Júlia Soares',NULL,'F','2005-08-23',NULL,'Curitiba','Paraná','Brasil'),(217,'Juliana Cabral',NULL,'F','1981-10-03',NULL,'São Paulo','São Paulo','Brasil'),(302,'Juliana Felisberta',NULL,'F','1983-07-22',NULL,'Santos','São Paulo','Brasil'),(142,'Juninho Paulista','Oswaldo Giroldo Júnior','M','1973-02-22',NULL,'São Paulo','São Paulo','Brasil'),(344,'Kahena Kunze',NULL,'F','1991-03-12',NULL,'São Paulo','São Paulo','Brasil'),(191,'Karin Rodrigues',NULL,'F','1971-11-08',NULL,'São Paulo','São Paulo','Brasil'),(192,'Kátia Lopes',NULL,'F','1973-07-13',NULL,'Barranquilla',NULL,'Colômbia'),(218,'Kelly Cristina',NULL,'F','1985-05-08',NULL,'São Gonçalo','Rio de Janeiro','Brasil'),(200,'Kelly Santos',NULL,'F','1979-11-10',NULL,'São Paulo','São Paulo','Brasil'),(374,'Kelvin Hoefler',NULL,'M','1993-02-10',NULL,'Itanhaém','São Paulo','Brasil'),(193,'Kely Fraga',NULL,'F','1974-10-03',NULL,'Belo Horizonte','Minas Gerais','Brasil'),(445,'Kerolin Nicoli',NULL,'F','1999-11-17',NULL,'Bauru','São Paulo','Brasil'),(239,'Ketleyn Quadros',NULL,'M','1987-10-01',NULL,'Ceilândia','Distrito Federal','Brasil'),(131,'Kiko Pelicano','Henrique Pelicano','M','1974-02-28',NULL,'Rio de Janeiro','Rio de Janeiro','Brasil'),(78,'Kita','João Leithardt Neto','M','1958-01-06','2015-10-03','Passo Fundo','Rio Grande do Sul','Brasil'),(303,'Larissa França',NULL,'F','1982-04-14',NULL,'Cachoeiro de Itapemirim','Espírito Santo','Brasil'),(421,'Larissa Pimenta',NULL,'F','1999-03-01',NULL,'São Vicente','São Paulo','Brasil'),(50,'Lars Björkström',NULL,'M','1943-11-19',NULL,'Gotemburgo',NULL,'Suécia'),(89,'Lars Grael',NULL,'M','1964-02-09',NULL,'São Paulo','São Paulo','Brasil'),(380,'Laura Pigossi',NULL,'F','1994-08-02',NULL,'São Paulo','São Paulo','Brasil'),(446,'Lauren Leal',NULL,'F','2002-09-13',NULL,'Votorantim','São Paulo','Brasil'),(313,'Leandro Damião',NULL,'M','1989-07-22',NULL,'Jardim Alegre','Paraná','Brasil'),(206,'Leandro Guilheiro',NULL,'M','1983-08-07',NULL,'Suzano','São Paulo','Brasil'),(328,'Leandro Vissotto',NULL,'M','1983-04-30',NULL,'São Paulo','São Paulo','Brasil'),(161,'Leila','Leila Gomes de Barros','F','1971-09-30',NULL,'Brasília','Distrito Federal','Brasil'),(175,'Leila Sobral',NULL,'F','1974-11-22',NULL,'São Paulo','São Paulo','Brasil'),(429,'Leonardo Gonçalves',NULL,'M','1996-03-01',NULL,'Iguape','São Paulo','Brasil'),(201,'Lilian Gonçalves',NULL,'F','1979-04-25',NULL,'Sorocaba','São Paulo','Brasil'),(369,'Lipe Fonteles','Luiz Felipe Fonteles','M','1984-06-19',NULL,'Curitiba','Paraná','Brasil'),(447,'Lorena Silva',NULL,'F','1997-05-06',NULL,'Ituverava','São Paulo','Brasil'),(460,'Lorenne Teixeira',NULL,'F','1996-01-08',NULL,'Conselheiro Lafaiete','Minas Gerais','Brasil'),(425,'Lorrane Oliveira',NULL,'F','1998-04-13',NULL,'Rio de Janeiro','Rio de Janeiro','Brasil'),(352,'Luan Garcia',NULL,'M','1993-05-10',NULL,'Vitória','Espírito Santo','Brasil'),(353,'Luan Guilherme',NULL,'M','1993-03-27',NULL,'São José do Rio Preto','São Paulo','Brasil'),(329,'Lucão','Lucas Saatkamp','M','1986-03-06',NULL,'Colinas','Rio Grande do Sul','Brasil'),(400,'Lucão Galdino','Lucas Alexandre Galdino','M','2001-02-26',NULL,'Barra Mansa','Rio de Janeiro','Brasil'),(264,'Lucas Leiva',NULL,'M','1987-01-09',NULL,'Dourados','Mato Grosso do Sul','Brasil'),(314,'Lucas Moura',NULL,'M','1992-08-13',NULL,'São Paulo','São Paulo','Brasil'),(448,'Luciana Maria',NULL,'F','1987-07-24',NULL,'Belo Horizonte','Minas Gerais','Brasil'),(273,'Lucimar Moura',NULL,'F','1974-03-22',NULL,'Timóteo','Minas Gerais','Brasil'),(449,'Ludmila Silva',NULL,'F','1994-12-01',NULL,'Guarulhos','São Paulo','Brasil'),(79,'Luís Carlos Winck',NULL,'M','1963-01-05',NULL,'Portão','Rio Grande do Sul','Brasil'),(80,'Luís Henrique Dias',NULL,'M','1960-05-18',NULL,'Iracemápolis','São Paulo','Brasil'),(381,'Luísa Stefani',NULL,'F','1997-08-09',NULL,'São Paulo','São Paulo','Brasil'),(135,'Luiz Felipe de Azevedo',NULL,'M','1953-08-17',NULL,'Rio de Janeiro','Rio de Janeiro','Brasil'),(52,'Luiz Onmura',NULL,'M','1960-06-29',NULL,'São Paulo','São Paulo','Brasil'),(143,'Luizão','Luiz Carlos Bombonato Goulart','M','1975-11-14',NULL,'Rubinéia','São Paulo','Brasil'),(417,'Macris Carneiro',NULL,'F','1989-03-03',NULL,'Santo André','São Paulo','Brasil'),(176,'Magic Paula','Maria Paula Gonçalves da Silva','F','1962-03-11',NULL,'Osvaldo Cruz','São Paulo','Brasil'),(365,'Maicon Andrade',NULL,'M','1993-01-09',NULL,'Belo Horizonte','Minas Gerais','Brasil'),(401,'Malcom','Malcom Filipe Silva','M','1997-02-26',NULL,'São Paulo','São Paulo','Brasil'),(19,'Manoel dos Santos',NULL,'M','1939-02-22',NULL,'Guararapes','São Paulo','Brasil'),(219,'Maravilha','Marlisa Wahlbrink','F','1973-04-10',NULL,'Constantina','Rio Grande do Sul','Brasil'),(292,'Marcelinho Elgarten','Marcelo Elgarten','M','1974-11-09',NULL,'Rio de Janeiro','Rio de Janeiro','Brasil'),(144,'Marcelinho Paulista','Marcelo José de Souza','M','1973-09-13',NULL,'Cotia','São Paulo','Brasil'),(130,'Marcelo Ferreira',NULL,'M','1965-09-26',NULL,'Niterói','Rio de Janeiro','Brasil'),(118,'Marcelo Negrão',NULL,'M','1972-10-10',NULL,'São Paulo','São Paulo','Brasil'),(265,'Marcelo Vieira',NULL,'M','1988-05-12',NULL,'Rio de Janeiro','Rio de Janeiro','Brasil'),(162,'Márcia Fu','Márcia Regina Cunha','F','1969-07-26',NULL,'Juiz de Fora','Minas Gerais','Brasil'),(253,'Márcio Araújo',NULL,'M','1973-10-12',NULL,'Fortaleza','Ceará','Brasil'),(48,'Marcos Soares',NULL,'M','1961-02-16',NULL,'Rio de Janeiro','Rio de Janeiro','Brasil'),(46,'Marcus Mattioli',NULL,'M','1960-10-18',NULL,'Belo Horizonte','Minas Gerais','Brasil'),(11,'Marcus Vinícius Dias',NULL,'M','1923-01-22',NULL,'Rio de Janeiro','Rio de Janeiro','Brasil'),(65,'Marcus Vinícius Freire',NULL,'M','1962-12-06',NULL,'Bento Gonçalves','Rio Grande do Sul','Brasil'),(285,'Mari Steinbrecher','Marianne Steinbrecher','F','1983-08-23',NULL,'São Paulo','São Paulo','Brasil'),(354,'Marquinhos','Marcos Aoás Corrêa','M','1994-05-14',NULL,'São Paulo','São Paulo','Brasil'),(220,'Marta','Marta Vieira da Silva','F','1986-02-19',NULL,'Dois Riachos','Alagoas','Brasil'),(177,'Marta Sobral',NULL,'F','1964-03-23',NULL,'São Paulo','São Paulo','Brasil'),(345,'Martine Grael',NULL,'F','1991-02-12',NULL,'Niterói','Rio de Janeiro','Brasil'),(12,'Massinet Sorcinelli',NULL,'M','1922-02-27','1971-08-12','São Paulo','São Paulo','Brasil'),(402,'Matheus Cunha',NULL,'M','1999-05-27',NULL,'João Pessoa','Paraíba','Brasil'),(403,'Matheus Henrique',NULL,'M','1997-12-19',NULL,'São Paulo','São Paulo','Brasil'),(370,'Maurício Borges',NULL,'M','1989-02-04',NULL,'Maceió','Alagoas','Brasil'),(119,'Maurício Lima',NULL,'M','1968-01-27',NULL,'Campinas','São Paulo','Brasil'),(371,'Maurício Souza',NULL,'M','1988-09-29',NULL,'Iturama','Minas Gerais','Brasil'),(250,'Maurine','Maurine Dorneler Gonçalves','F','1986-01-14',NULL,'Porto Alegre','Rio Grande do Sul','Brasil'),(81,'Mauro Galvão',NULL,'M','1961-12-19',NULL,'Porto Alegre','Rio Grande do Sul','Brasil'),(254,'Maurren Maggi',NULL,'M','1976-06-25',NULL,'São Carlos','São Paulo','Brasil'),(221,'Maycon','Andréia dos Santos','F','1977-04-30',NULL,'Lages','Santa Catarina','Brasil'),(298,'Mayra Aguiar',NULL,'F','1991-08-03',NULL,'Porto Alegre','Rio Grande do Sul','Brasil'),(103,'Mazinho','Iomar do Nascimento','M','1966-04-08',NULL,'Santa Rita','Paraíba','Brasil'),(82,'Milton Cruz',NULL,'M','1957-08-01',NULL,'Santos','São Paulo','Brasil'),(104,'Milton Luiz',NULL,'M','1961-11-11',NULL,'Rio de Janeiro','Rio de Janeiro','Brasil'),(222,'Mônica de Paula',NULL,'F','1978-04-04',NULL,'São Carlos','São Paulo','Brasil'),(129,'Mônica Rodrigues',NULL,'F','1967-09-20',NULL,'Rio de Janeiro','Rio de Janeiro','Brasil'),(66,'Montanaro','José Montanaro Júnior','M','1958-07-29',NULL,'São Paulo','São Paulo','Brasil'),(24,'Mosquito','Carlos Domingos Massoni','M','1939-01-04',NULL,'São Paulo','São Paulo','Brasil'),(25,'Moysés Blás',NULL,'M','1937-03-24','2016-04-19','Belo Horizonte','Minas Gerais','Brasil'),(293,'Murilo Endres',NULL,'M','1981-05-03',NULL,'Passo Fundo','Rio Grande do Sul','Brasil'),(234,'Nalbert','Nalbert Tavares Bitencourt','M','1974-03-09',NULL,'Rio de Janeiro','Rio de Janeiro','Brasil'),(145,'Narciso','Narciso dos Santos','M','1973-12-23',NULL,'Neópolis','Sergipe','Brasil'),(461,'Natália Araújo',NULL,'F','1997-04-10',NULL,'Guarulhos','São Paulo','Brasil'),(280,'Natália Falavigna',NULL,'F','1984-05-09',NULL,'Maringá','Paraná','Brasil'),(326,'Natália Zilio',NULL,'F','1989-04-04',NULL,'Ponta Grossa','Paraná','Brasil'),(90,'Nelson Falcão',NULL,'M','1946-04-30',NULL,'Rio de Janeiro','Rio de Janeiro','Brasil'),(36,'Nelson Prudêncio',NULL,'M','1944-04-04','2012-11-23','Lins','São Paulo','Brasil'),(105,'Neto','José Ferreira Neto','M','1966-09-09',NULL,'Santo Antônio de Posse','São Paulo','Brasil'),(315,'Neymar Júnior',NULL,'M','1992-02-05',NULL,'Mogi das Cruzes','São Paulo','Brasil'),(13,'Nilton Pacheco',NULL,'M','1920-07-26','2013-06-26','Salvador','Bahia','Brasil'),(404,'Nino','Marcilio Florencio Mota Filho','M','1997-04-10',NULL,'Recife','Pernambuco','Brasil'),(316,'Norberto Murara Neto',NULL,'M','1989-07-19',NULL,'Araxá','Minas Gerais','Brasil'),(462,'Nyeme Victória',NULL,'F','1998-10-11',NULL,'Barra do Corda','Maranhão','Brasil'),(317,'Oscar Emboaba',NULL,'M','1991-09-09',NULL,'Americana','São Paulo','Brasil'),(120,'Pampa','André Felipe Falbo Ferreira','M','1964-11-24',NULL,'Recife','Pernambuco','Brasil'),(286,'Paula Pequeno',NULL,'F','1982-01-22',NULL,'Brasília','Distrito Federal','Brasil'),(121,'Paulão','Paulo André Jukoski da Silva','M','1963-12-24',NULL,'Porto Alegre','Rio Grande do Sul','Brasil'),(405,'Paulinho','Paulo Henrique Sampaio Filho','M','2000-07-15',NULL,'Rio de Janeiro','Rio de Janeiro','Brasil'),(318,'Paulo Henrique Ganso','Paulo Henrique Lima','M','1989-10-12',NULL,'Ananindeua','Pará','Brasil'),(83,'Paulo Santos',NULL,'M','1960-04-14',NULL,'Porto Alegre','Rio Grande do Sul','Brasil'),(386,'Pedro Barros',NULL,'M','1995-03-16',NULL,'Florianópolis','Santa Catarina','Brasil'),(41,'Peter Ficker',NULL,'M','1951-06-08',NULL,'São Paulo','São Paulo','Brasil'),(84,'Pinga','Jorge Luiz da Silva Brum','M','1965-04-23',NULL,'Porto Alegre','Rio Grande do Sul','Brasil'),(338,'Poliana Okimoto',NULL,'F','1983-03-08',NULL,'São Paulo','São Paulo','Brasil'),(223,'Pretinha','Delma Gonçalves','F','1975-05-19',NULL,'Rio de Janeiro','Rio de Janeiro','Brasil'),(450,'Priscila Silva',NULL,'F','2004-08-22',NULL,'São Gonçalo do Amarante','Rio Grande do Norte','Brasil'),(430,'Rafael Macedo',NULL,'M','1994-08-15',NULL,'São José dos Campos','São Paulo','Brasil'),(319,'Rafael Pereira da Silva',NULL,'M','1990-07-09',NULL,'Petrópolis','Rio de Janeiro','Brasil'),(299,'Rafael Silva',NULL,'M','1987-05-11',NULL,'Campo Grande','Mato Grosso do Sul','Brasil'),(266,'Rafael Sóbis',NULL,'M','1985-06-17',NULL,'Erechim','Rio Grande do Sul','Brasil'),(335,'Rafaela Silva',NULL,'F','1992-04-24',NULL,'Rio de Janeiro','Rio de Janeiro','Brasil'),(451,'Rafaelle Souza',NULL,'F','1991-06-18',NULL,'Cipó','Bahia','Brasil'),(267,'Rafinha','Márcio Rafael Ferreira de Souza','M','1985-09-07',NULL,'Londrina','Paraná','Brasil'),(355,'Rafinha Alcântara','Rafael Alcântara do Nascimento','M','1993-02-12',NULL,'São Paulo','São Paulo','Brasil'),(268,'Ramires','Ramires Santos do Nascimento','M','1987-03-24',NULL,'Barra do Piraí','Rio de Janeiro','Brasil'),(194,'Raquel Peluci',NULL,'F','1978-04-30',NULL,'Rio de Janeiro','Rio de Janeiro','Brasil'),(376,'Rayssa Leal',NULL,'F','2008-01-04',NULL,'Imperatriz','Maranhão','Brasil'),(379,'Rebeca Andrade',NULL,'F','1999-05-08',NULL,'Guarulhos','São Paulo','Brasil'),(38,'Reinaldo Conrad',NULL,'M','1942-05-31',NULL,'São Paulo','São Paulo','Brasil'),(406,'Reinier Jesus',NULL,'M','2002-01-19',NULL,'Brasília','Distrito Federal','Brasil'),(67,'Renan','Renan dal Zotto','M','1960-07-19',NULL,'São Leopoldo','Rio Grande do Sul','Brasil'),(269,'Renan Brito Soares',NULL,'M','1985-01-24',NULL,'Viamão','Rio Grande do Sul','Brasil'),(224,'Renata Costa',NULL,'F','1986-07-08',NULL,'Assaí','Paraná','Brasil'),(356,'Renato Augusto',NULL,'M','1988-02-08',NULL,'Rio de Janeiro','Rio de Janeiro','Brasil'),(195,'Ricarda','Ricarda Raquel Barbosa Lima','F','1970-09-12',NULL,'Taguatinga','Distrito Federal','Brasil'),(236,'Ricardinho','Ricardo Bermudez Garcia','M','1975-11-19',NULL,'São Paulo','São Paulo','Brasil'),(106,'Ricardo Gomes',NULL,'M','1964-12-13',NULL,'Rio de Janeiro','Rio de Janeiro','Brasil'),(407,'Ricardo Graça',NULL,'M','1997-02-16',NULL,'Rio de Janeiro','Rio de Janeiro','Brasil'),(372,'Ricardo Lucarelli',NULL,'M','1992-02-14',NULL,'Contagem','Minas Gerais','Brasil'),(51,'Ricardo Prado',NULL,'M','1965-01-03',NULL,'Andradina','São Paulo','Brasil'),(186,'Ricardo Santos',NULL,'M','1975-01-06',NULL,'Salvador','Bahia','Brasil'),(408,'Richarlison','Richarlison de Andrade','M','1997-05-10',NULL,'Nova Venécia','Espírito Santo','Brasil'),(146,'Rivaldo','Rivaldo Vitor Borba Ferreira','M','1972-04-19',NULL,'Paulista','Pernambuco','Brasil'),(132,'Robert Scheidt',NULL,'M','1973-04-15',NULL,'São Paulo','São Paulo','Brasil'),(418,'Roberta Ratzke',NULL,'F','1990-04-28',NULL,'Curitiba','Paraná','Brasil'),(147,'Roberto Carlos',NULL,'M','1973-04-10',NULL,'Garça','São Paulo','Brasil'),(91,'Robson Caetano',NULL,'M','1964-09-04',NULL,'Rio de Janeiro','Rio de Janeiro','Brasil'),(341,'Robson Conceição',NULL,'M','1988-10-25',NULL,'Salvador','Bahia','Brasil'),(235,'Rodrigão','Rodrigo Santana','M','1979-04-17',NULL,'São Paulo','São Paulo','Brasil'),(357,'Rodrigo Caio',NULL,'M','1993-08-17',NULL,'Dracena','São Paulo','Brasil'),(358,'Rodrigo Dourado',NULL,'M','1994-06-17',NULL,'Pelotas','Rio Grande do Sul','Brasil'),(136,'Rodrigo Pessoa',NULL,'M','1972-11-29',NULL,'Paris',NULL,'França'),(112,'Rogério Sampaio',NULL,'M','1967-09-12',NULL,'Santos','São Paulo','Brasil'),(107,'Romário','Romário de Souza Faria','M','1966-01-29',NULL,'Rio de Janeiro','Rio de Janeiro','Brasil'),(320,'Rômulo Monteiro',NULL,'M','1990-09-19',NULL,'Picos','Piauí','Brasil'),(270,'Ronaldinho Gaúcho','Ronaldo de Assis Moreira','M','1980-03-21',NULL,'Porto Alegre','Rio Grande do Sul','Brasil'),(149,'Ronaldo Guiaro',NULL,'M','1974-02-18',NULL,'Piracicaba','São Paulo','Brasil'),(85,'Ronaldo Moraes',NULL,'M','1962-03-02',NULL,'Arujá','São Paulo','Brasil'),(148,'Ronaldo Nazário',NULL,'M','1976-09-22',NULL,'Bento Ribeiro','Rio de Janeiro','Brasil'),(55,'Ronaldo Senfft',NULL,'M','1954-07-12',NULL,'Rio de Janeiro','Rio de Janeiro','Brasil'),(26,'Rosa Branca','Carmo de Souza','M','1940-07-19','2008-12-22','Araraquara','São Paulo','Brasil'),(419,'Rosamaria','Rosamaria Montibeller','F','1994-04-09',NULL,'Nova Trento','Santa Catarina','Brasil'),(225,'Rosana Augusto',NULL,'F','1982-07-07',NULL,'São Paulo','São Paulo','Brasil'),(274,'Rosângela Santos',NULL,'F','1990-12-20',NULL,'Washington',NULL,'Estados Unidos'),(226,'Roseli de Belo',NULL,'F','1969-09-07',NULL,'São Paulo','São Paulo','Brasil'),(178,'Roseli Gustavo',NULL,'F','1971-07-25',NULL,'Araraquara','São Paulo','Brasil'),(275,'Rosemar Coelho',NULL,'F','1977-01-02',NULL,'Juquiá','São Paulo','Brasil'),(68,'Rui Campos',NULL,'M','1960-09-23',NULL,'Rio de Janeiro','Rio de Janeiro','Brasil'),(14,'Ruy de Freitas',NULL,'M','1916-08-24','2012-08-02','Macaé','Rio de Janeiro','Brasil'),(294,'Samuel Fuchs',NULL,'M','1984-03-04',NULL,'Curitiba','Paraná','Brasil'),(127,'Sandra Pires',NULL,'F','1973-06-16',NULL,'Rio de Janeiro','Rio de Janeiro','Brasil'),(163,'Sandra Suruagy',NULL,'F','1963-04-17',NULL,'Maceió','Alagoas','Brasil'),(321,'Sandro Raniere',NULL,'M','1989-03-15',NULL,'Riachinho','Minas Gerais','Brasil'),(279,'Sandro Viana',NULL,'M','1977-03-23',NULL,'Manaus','Amazonas','Brasil'),(409,'Santos','Aderbar Melo dos Santos Neto','M','1990-03-17',NULL,'Campina Grande','Paraíba','Brasil'),(296,'Sarah Menezes',NULL,'F','1990-03-26',NULL,'Teresina','Piauí','Brasil'),(287,'Sassá','Welissa de Souza Gonzaga','F','1982-09-09',NULL,'Barbacena','Minas Gerais','Brasil'),(150,'Sávio','Sávio Bortolini Pimentel','M','1974-01-09',NULL,'Vila Velha','Espírito Santo','Brasil'),(5,'Sebastião Wolf',NULL,'M','1869-02-05','1936-03-15','Gössweinstein',NULL,'Alemanha'),(237,'Serginho','Sérgio Dutra dos Santos','M','1975-10-15',NULL,'Diamante do Norte','Paraná','Brasil'),(33,'Sérgio Macarrão','Sérgio de Toledo Machado','M','1945-02-24',NULL,'Rio de Janeiro','Rio de Janeiro','Brasil'),(39,'Servílio de Oliveira',NULL,'M','1948-05-06',NULL,'São Paulo','São Paulo','Brasil'),(288,'Sheila Castro',NULL,'F','1983-07-01',NULL,'Belo Horizonte','Minas Gerais','Brasil'),(185,'Shelda','Shelda Kelly Bruno Bedê','F','1973-01-01',NULL,'Fortaleza','Ceará','Brasil'),(330,'Sidão','Sidnei dos Santos Júnior','M','1982-07-06',NULL,'Taubaté','São Paulo','Brasil'),(179,'Silvinha Luz','Sílvia Andrea Santos Luz','F','1975-03-05',NULL,'Araçatuba','São Paulo','Brasil'),(86,'Silvinho','Sílvio Paiva','M','1958-11-13',NULL,'Franca','São Paulo','Brasil'),(251,'Simone Jatobá',NULL,'F','1981-02-10',NULL,'Maringá','Paraná','Brasil'),(27,'Succar','Antônio Salvador Succar','M','1939-06-14','2018-12-31','San Isidro de Lules',NULL,'Argentina'),(108,'Taffarel','Cláudio Taffarel','M','1966-05-08',NULL,'Santa Rosa','Rio Grande do Sul','Brasil'),(452,'Tainá Borges',NULL,'F','1995-05-01',NULL,'São Paulo','São Paulo','Brasil'),(463,'Tainara Santos',NULL,'F','2000-03-09',NULL,'Jandira','São Paulo','Brasil'),(122,'Talmo','Talmo Curto de Oliveira','M','1969-10-10',NULL,'Itabira','Minas Gerais','Brasil'),(453,'Tamires Dias',NULL,'F','1987-10-10',NULL,'Caeté','Minas Gerais','Brasil'),(327,'Tandara Caixeta',NULL,'F','1988-10-30',NULL,'Brasília','Distrito Federal','Brasil'),(123,'Tande','Alexandre Ramos Samuel','M','1970-03-20',NULL,'Resende','Rio de Janeiro','Brasil'),(227,'Tânia Maranhão','Tânia Maria Pereira Ribeiro','F','1974-10-03',NULL,'São Luís','Maranhão','Brasil'),(454,'Tarciane Lima',NULL,'F','2003-05-27',NULL,'Belford Roxo','Rio de Janeiro','Brasil'),(432,'Tatiana Weston-Webb',NULL,'F','1996-05-09',NULL,'Porto Alegre','Rio Grande do Sul','Brasil'),(18,'Tetsuo Okamoto',NULL,'M','1932-03-20','2007-10-01','Marília','São Paulo','Brasil'),(455,'Thais Ferreira',NULL,'F','1996-05-01',NULL,'Campinas','São Paulo','Brasil'),(289,'Thaísa Daher',NULL,'F','1987-05-15',NULL,'Rio de Janeiro','Rio de Janeiro','Brasil'),(276,'Thaissa Presti',NULL,'F','1988-04-26',NULL,'São Paulo','São Paulo','Brasil'),(331,'Thiago Alves',NULL,'M','1986-07-26',NULL,'Porto Alegre','Rio Grande do Sul','Brasil'),(339,'Thiago Braz',NULL,'M','1993-12-16',NULL,'Marília','São Paulo','Brasil'),(359,'Thiago Maia',NULL,'M','1997-03-23',NULL,'Boa Vista','Roraima','Brasil'),(271,'Thiago Neves',NULL,'M','1985-02-27',NULL,'Curitiba','Paraná','Brasil'),(297,'Thiago Pereira',NULL,'M','1986-01-26',NULL,'Volta Redonda','Rio de Janeiro','Brasil'),(272,'Thiago Silva',NULL,'M','1984-09-22',NULL,'Rio de Janeiro','Rio de Janeiro','Brasil'),(182,'Tiago Camilo',NULL,'M','1982-05-24',NULL,'Tupã','São Paulo','Brasil'),(87,'Tonho Gil','Antônio José Gil','M','1957-08-18',NULL,'Criciúma','Santa Catarina','Brasil'),(56,'Torben Grael',NULL,'M','1960-07-22',NULL,'São Paulo','São Paulo','Brasil'),(34,'Ubiratan','Ubiratan Pereira Maciel','M','1944-01-18','2002-07-17','São Paulo','São Paulo','Brasil'),(360,'Uilson Pedruzzi',NULL,'M','1994-04-28',NULL,'Nanuque','Minas Gerais','Brasil'),(109,'Valdo','Valdo Cândido de Oliveira Filho','M','1964-01-12',NULL,'Siderópolis','Santa Catarina','Brasil'),(290,'Valeskinha','Valeska dos Santos Menezes','F','1976-04-23',NULL,'Niterói','Rio de Janeiro','Brasil'),(238,'Vanderlei Cordeiro de Lima',NULL,'M','1969-07-04',NULL,'Cruzeiro do Oeste','Paraná','Brasil'),(205,'Vicente Lenílson',NULL,'M','1977-06-04',NULL,'Currais Novos','Rio Grande do Norte','Brasil'),(35,'Victor Mirshawka',NULL,'M','1941-04-27',NULL,'Cherni',NULL,'Belarus'),(164,'Virna','Virna Cristine Dantes Dias','F','1971-08-31',NULL,'Natal','Rio Grande do Norte','Brasil'),(361,'Walace Silva',NULL,'M','1995-04-04',NULL,'Salvador','Bahia','Brasil'),(28,'Waldemar Blatskauskas',NULL,'M','1938-03-17','1964-03-06','São Paulo','São Paulo','Brasil'),(29,'Waldyr Boccardo',NULL,'M','1936-01-28','2018-11-18','São Manuel','São Paulo','Brasil'),(196,'Walewska','Walewska Moreira de Oliveira','F','1979-10-01',NULL,'Belo Horizonte','Minas Gerais','Brasil'),(332,'Wallace Souza',NULL,'M','1987-06-26',NULL,'São Paulo','São Paulo','Brasil'),(57,'Walter Carmona',NULL,'M','1957-06-21',NULL,'São Paulo','São Paulo','Brasil'),(363,'Weverton',NULL,'M','1987-12-13',NULL,'Rio Branco','Acre','Brasil'),(373,'William Arjona',NULL,'M','1979-07-31',NULL,'São Paulo','São Paulo','Brasil'),(69,'William Carvalho',NULL,'M','1954-11-16',NULL,'São Paulo','São Paulo','Brasil'),(362,'William Furtado',NULL,'M','1995-04-03',NULL,'Pelotas','Rio Grande do Sul','Brasil'),(420,'Willian Lima',NULL,'M','2000-01-31',NULL,'Mogi das Cruzes','São Paulo','Brasil'),(30,'Wlamir Marques',NULL,'M','1937-07-16',NULL,'São Vicente','São Paulo','Brasil'),(70,'Xandó','Mário Xandó de Oliveira Neto','M','1961-07-31',NULL,'Poços de Caldas','Minas Gerais','Brasil'),(305,'Yamaguchi Falcão',NULL,'M','1987-12-24',NULL,'São Mateus','Espírito Santo','Brasil'),(333,'Yane Marques',NULL,'F','1984-01-07',NULL,'Afogados da Ingazeira','Pernambuco','Brasil'),(456,'Yasmim Ribeiro',NULL,'F','1996-10-28',NULL,'Governador Valadares','Minas Gerais','Brasil'),(457,'Yaya','Vitória Ferreira','F','2002-01-23',NULL,'Suzano','São Paulo','Brasil'),(202,'Zaine','Ilisaine Karen David','F','1977-12-17',NULL,'Jundiaí','São Paulo','Brasil'),(110,'Zé Carlos','José Carlos da Costa Araújo','M','1962-02-07',NULL,'Rio de Janeiro','Rio de Janeiro','Brasil'),(151,'Zé Elias','José Elias Moedim Júnior','M','1976-09-25',NULL,'São Paulo','São Paulo','Brasil'),(187,'Zé Marco',NULL,'M','1971-03-19',NULL,'João Pessoa','Paraíba','Brasil'),(152,'Zé Maria','José Marcelo Ferreira','M','1973-07-25',NULL,'Oeiras','Piauí','Brasil'),(364,'Zeca','José Carlos Cracco Neto','M','1994-05-16',NULL,'Paranavaí','Paraná','Brasil');
/*!40000 ALTER TABLE `atleta` ENABLE KEYS */;
UNLOCK TABLES;

--
-- Table structure for table `edicao`
--

DROP TABLE IF EXISTS `edicao`;
/*!40101 SET @saved_cs_client     = @@character_set_client */;
/*!50503 SET character_set_client = utf8mb4 */;
CREATE TABLE `edicao` (
  `EdicaoID` int NOT NULL AUTO_INCREMENT,
  `Cidade` varchar(50) NOT NULL,
  `Pais` varchar(50) NOT NULL,
  `Ano` int NOT NULL,
  `Verao_Inverno` varchar(7) NOT NULL,
  `Abertura` date DEFAULT NULL,
  `Encerramento` date DEFAULT NULL,
  `Inicio` date DEFAULT NULL,
  `Fim` date NOT NULL,
  PRIMARY KEY (`EdicaoID`),
  UNIQUE KEY `EdicaoID_UNIQUE` (`EdicaoID`)
) ENGINE=InnoDB AUTO_INCREMENT=55 DEFAULT CHARSET=utf8mb4 COLLATE=utf8mb4_0900_ai_ci;
/*!40101 SET character_set_client = @saved_cs_client */;

--
-- Dumping data for table `edicao`
--

LOCK TABLES `edicao` WRITE;
/*!40000 ALTER TABLE `edicao` DISABLE KEYS */;
INSERT INTO `edicao` VALUES (1,'Atenas','Grécia',1896,'Verão','1896-04-06','1896-04-15','1896-04-06','1896-04-13'),(2,'Paris','França',1900,'Verão',NULL,NULL,'1900-05-14','1900-10-28'),(3,'Saint Louis','Estados Unidos',1904,'Verão','1904-05-14',NULL,'1904-07-01','1904-11-26'),(4,'Londres','Reino Unido',1908,'Verão','1908-07-13','1908-07-25','1908-04-27','1908-10-31'),(5,'Estocolmo','Suécia',1912,'Verão','1912-07-06','1912-07-15','1912-05-05','1912-07-27'),(6,'Antuérpia','Bélgica',1920,'Verão','1920-08-14','1920-08-30','1920-04-23','1920-09-12'),(7,'Chamonix','França',1924,'Inverno','1924-01-24','1924-02-05','1924-01-26','1924-02-04'),(8,'Paris','França',1924,'Verão','1924-07-05','1924-07-27','1924-05-04','1924-07-27'),(9,'Sankt Moritz','Suíça',1928,'Inverno','1928-02-11','1928-02-17','1928-02-11','1928-02-19'),(10,'Amsterdã','Holanda',1928,'Verão','1928-07-28','1928-08-12','1928-05-17','1928-08-12'),(11,'Lake Placid','Estados Unidos',1932,'Inverno','1932-02-04','1932-02-13','1932-02-04','1932-02-15'),(12,'Los Angeles','Estados Unidos',1932,'Verão','1932-07-30','1932-08-14','1932-07-30','1932-08-14'),(13,'Garmisch-Partenkirchen','Alemanha',1936,'Inverno','1936-02-06','1936-02-16','1936-02-06','1932-02-16'),(14,'Berlim','Alemanha',1936,'Verão','1936-08-01','1936-08-16','1936-08-01','1936-08-16'),(15,'Sankt Moritz','Suíça',1948,'Inverno','1948-01-30','1948-02-08','1948-01-30','1948-02-08'),(16,'Londres','Inglaterra',1948,'Verão','1948-07-29','1948-08-14','1948-07-26','1948-08-14'),(17,'Oslo','Noruega',1952,'Inverno','1952-02-15','1952-02-25','1952-02-14','1952-02-25'),(18,'Helsinki','Finlândia',1952,'Verão','1952-07-19','1952-08-03','1952-07-14','1952-08-03'),(19,'Cortina d\'Ampezzo','Itália',1956,'Inverno','1956-01-26','1956-02-05','1956-01-26','1956-02-05'),(20,'Melbourne','Austrália',1956,'Verão','1956-11-22','1956-12-08','1956-11-22','1956-12-08'),(21,'Squaw Valley','Estados Unidos',1960,'Inverno','1960-02-18','1960-02-28','1960-02-19','1960-02-28'),(22,'Roma','Itália',1960,'Verão','1960-08-25','1960-09-11','1960-08-25','1960-09-11'),(23,'Innsbruck','Áustria',1964,'Inverno','1964-01-29','1964-02-09','1964-01-27','1964-02-09'),(24,'Tóquio','Japão',1964,'Verão','1964-10-10','1964-10-24','1964-10-11','1964-10-24'),(25,'Grenoble','França',1968,'Inverno','1968-02-06','1968-02-18','1968-02-04','1968-02-18'),(26,'Cidade do México','México',1968,'Verão','1968-10-12','1968-10-27','1968-10-12','1968-10-27'),(27,'Sapporo','Japão',1972,'Inverno','1972-02-03','1972-02-13','1972-02-03','1972-02-13'),(28,'Munique','Alemanha',1972,'Verão','1972-08-26','1972-09-11','1972-08-26','1972-09-11'),(29,'Innsbruck','Áustria',1976,'Inverno','1976-02-04','1976-02-15','1976-02-03','1976-02-15'),(30,'Montreal','Canadá',1976,'Verão','1976-07-17','1976-08-01','1976-07-18','1976-08-01'),(31,'Lake Placid','Estados Unidos',1980,'Inverno','1980-02-13','1980-02-24','1980-02-12','1980-02-24'),(32,'Moscou','Rússia',1980,'Verão','1980-07-19','1980-08-03','1980-07-20','1980-08-03'),(33,'Sarajevo','Bósnia e Herzegovina',1984,'Inverno','1984-02-08','1984-02-19','1984-02-07','1984-02-19'),(34,'Los Angeles','Estados Unidos',1984,'Verão','1984-07-28','1984-08-12','1984-07-06','1984-08-12'),(35,'Calgary','Canadá',1988,'Inverno','1988-02-13','1988-02-28','1988-02-13','1988-02-28'),(36,'Seul','Coreia do Sul',1988,'Verão','1988-09-17','1988-10-02','1988-09-17','1988-10-02'),(37,'Albertville','França',1992,'Inverno','1992-02-08','1992-02-23','1992-02-08','1992-02-23'),(38,'Barcelona','Espanha',1992,'Verão','1992-07-25','1992-08-09','1992-07-24','1992-08-09'),(39,'Lillehammer','Noruega',1994,'Inverno','1994-02-12','1994-02-27','1994-02-12','1994-02-27'),(40,'Atlanta','Estados Unidos',1996,'Verão','1996-07-19','1996-08-04','1996-07-20','1996-08-04'),(41,'Nagano','Japão',1998,'Inverno','1998-02-07','1998-02-22','1998-02-07','1998-02-22'),(42,'Sydney','Austrália',2000,'Verão','2000-09-15','2000-10-01','2000-09-13','2000-10-01'),(43,'Salt Lake City','Estados Unidos',2002,'Inverno','2002-02-08','2002-02-24','2002-02-09','2002-02-24'),(44,'Atenas','Grécia',2004,'Verão','2004-08-13','2004-08-29','2004-08-11','2004-08-29'),(45,'Turim','Itália',2006,'Inverno','2006-02-10','2006-02-26','2006-02-11','2006-02-26'),(46,'Pequim','China',2008,'Verão','2008-08-08','2008-08-24','2008-08-06','2008-08-24'),(47,'Vancouver','Canadá',2010,'Inverno','2010-02-12','2010-02-28','2010-02-12','2010-02-28'),(48,'Londres','Reino Unido',2012,'Verão','2012-07-27','2012-08-12','2012-07-25','2012-08-12'),(49,'Sochi','Rússia',2014,'Inverno','2014-02-07','2014-02-23','2014-02-06','2014-02-23'),(50,'Rio de Janeiro','Brasil',2016,'Verão','2016-08-05','2016-08-21','2016-08-03','2016-08-21'),(51,'PyeongChang','Coreia do Sul',2018,'Inverno','2018-02-09','2018-02-25','2018-02-08','2018-02-25'),(52,'Tóquio','Japão',2020,'Verão','2021-07-23','2021-08-08','2021-07-21','2021-08-08'),(53,'Pequim','China',2022,'Inverno','2022-02-04','2022-02-20','2022-02-02','2022-02-20'),(54,'Paris','França',2024,'Verão','2024-07-26','2024-08-11','2024-07-24','2024-08-11');
/*!40000 ALTER TABLE `edicao` ENABLE KEYS */;
UNLOCK TABLES;

--
-- Table structure for table `medalha`
--

DROP TABLE IF EXISTS `medalha`;
/*!40101 SET @saved_cs_client     = @@character_set_client */;
/*!50503 SET character_set_client = utf8mb4 */;
CREATE TABLE `medalha` (
  `MedalhaID` int NOT NULL,
  `EdicaoID` int NOT NULL,
  `Data` date NOT NULL,
  `Medalha` varchar(6) NOT NULL,
  `Individual_Coletivo` varchar(10) NOT NULL,
  `Modalidade` varchar(50) NOT NULL,
  `Evento` varchar(50) DEFAULT NULL,
  `Genero` varchar(3) NOT NULL,
  UNIQUE KEY `MedalhaID_UNIQUE` (`MedalhaID`)
) ENGINE=InnoDB DEFAULT CHARSET=utf8mb4 COLLATE=utf8mb4_0900_ai_ci;
/*!40101 SET character_set_client = @saved_cs_client */;

--
-- Dumping data for table `medalha`
--

LOCK TABLES `medalha` WRITE;
/*!40000 ALTER TABLE `medalha` DISABLE KEYS */;
INSERT INTO `medalha` VALUES (1,6,'1920-08-02','Bronze','Coletivo','Tiro Esportivo','Pistola livre 50 metros','M'),(2,6,'1920-08-02','Prata','Individual','Tiro Esportivo','Pistola livre 50 metros','M'),(3,6,'1920-08-03','Ouro','Individual','Tiro Esportivo','Pistola rápida 30 metros','M'),(4,16,'1948-08-13','Bronze','Coletivo','Basquete',NULL,'M'),(5,18,'1952-07-20','Bronze','Individual','Atletismo','Salto em altura','M'),(6,18,'1952-07-23','Ouro','Individual','Atletismo','Salto triplo','M'),(7,18,'1952-08-02','Bronze','Individual','Natação','1.500 metros nado livre','M'),(8,20,'1956-11-27','Ouro','Individual','Atletismo','Salto triplo','M'),(9,22,'1960-08-27','Bronze','Individual','Natação','100 metros nado livre','M'),(10,22,'1960-09-10','Bronze','Coletivo','Basquete',NULL,'M'),(11,24,'1964-10-23','Bronze','Coletivo','Basquete',NULL,'M'),(12,26,'1968-10-17','Prata','Individual','Atletismo','Salto triplo','M'),(13,26,'1968-10-21','Bronze','Coletivo','Vela','Flying Dutchman','M'),(14,26,'1968-10-24','Bronze','Individual','Boxe','Peso mosca (até 51 kgs)','M'),(15,28,'1972-09-01','Bronze','Individual','Judô','Peso meio-pesado (até 93 kgs)','M'),(16,28,'1972-09-04','Bronze','Individual','Atletismo','Salto triplo','M'),(17,30,'1976-07-27','Bronze','Coletivo','Vela','Flying Dutchman','M'),(18,30,'1976-07-30','Bronze','Individual','Atletismo','Salto triplo','M'),(19,32,'1980-07-23','Bronze','Coletivo','Natação','Revezamento 4x200 nado livre','M'),(20,32,'1980-07-25','Bronze','Individual','Atletismo','Salto triplo','M'),(21,32,'1980-07-29','Ouro','Coletivo','Vela','470','M'),(22,32,'1980-07-29','Ouro','Coletivo','Vela','Tornado','M'),(23,34,'1984-07-30','Prata','Individual','Natação','400 metros medley','M'),(24,34,'1984-08-06','Bronze','Individual','Judô','Peso leve (até 71 kgs)','M'),(25,34,'1984-08-06','Ouro','Individual','Atletismo','800 metros rasos','M'),(26,34,'1984-08-08','Prata','Coletivo','Vela','Soling','M'),(27,34,'1984-08-08','Bronze','Individual','Judô','Peso médio (até 86 kgs)','M'),(28,34,'1984-08-09','Prata','Individual','Judô','Peso meio-pesado (até 95 kgs)','M'),(29,34,'1984-08-11','Prata','Coletivo','Vôlei',NULL,'M'),(30,34,'1984-08-11','Prata','Coletivo','Futebol',NULL,'M'),(31,36,'1988-09-26','Prata','Individual','Atletismo','800 metros rasos','M'),(32,36,'1988-09-27','Bronze','Coletivo','Vela','Tornado','M'),(33,36,'1988-09-27','Bronze','Coletivo','Vela','Star','M'),(34,36,'1988-09-28','Bronze','Individual','Atletismo','200 metros rasos','M'),(35,36,'1988-09-30','Ouro','Individual','Judô','Peso meio-pesado (até 95 kgs)','M'),(36,36,'1988-10-01','Prata','Coletivo','Futebol',NULL,'M'),(37,38,'1992-07-28','Prata','Individual','Natação','100 metros nado livre','M'),(38,38,'1992-08-01','Ouro','Individual','Judô','Peso meio-leve (até 65 kgs)','M'),(39,38,'1992-08-09','Ouro','Coletivo','Vôlei',NULL,'M'),(40,40,'1996-07-20','Prata','Individual','Natação','200 metros nado livre','M'),(41,40,'1996-07-21','Bronze','Individual','Judô','Peso meio-pesado (até 95 kgs)','M'),(42,40,'1996-07-22','Bronze','Individual','Natação','100 metros nado livre','M'),(43,40,'1996-07-25','Bronze','Individual','Judô','Peso meio-leve (até 65 kgs)','M'),(44,40,'1996-07-25','Bronze','Individual','Natação','50 metros nado livre','M'),(45,40,'1996-07-27','Ouro','Coletivo','Vôlei de Praia',NULL,'F'),(46,40,'1996-07-27','Prata','Coletivo','Vôlei de Praia',NULL,'F'),(47,40,'1996-07-29','Ouro','Coletivo','Vela','Star','M'),(48,40,'1996-07-30','Bronze','Coletivo','Vela','Tornado','M'),(49,40,'1996-07-31','Ouro','Individual','Vela','Laser','M'),(50,40,'1996-08-01','Bronze','Coletivo','Hipismo','Saltos','M'),(51,40,'1996-08-02','Bronze','Coletivo','Futebol',NULL,'M'),(52,40,'1996-08-03','Bronze','Coletivo','Vôlei',NULL,'F'),(53,40,'1996-08-03','Bronze','Coletivo','Atletismo','Revezamento 4x100 metros rasos','M'),(54,40,'1996-08-04','Prata','Coletivo','Basquete',NULL,'F'),(55,42,'2000-09-16','Bronze','Coletivo','Natação','Revezamento 4x100 metros nado livre','M'),(56,42,'2000-09-18','Prata','Individual','Judô','Peso leve (até 73 kgs)','M'),(57,42,'2000-09-20','Prata','Individual','Judô','Peso médio (até 90 kgs)','M'),(58,42,'2000-09-25','Bronze','Coletivo','Vôlei de Praia',NULL,'F'),(59,42,'2000-09-25','Prata','Coletivo','Vôlei de Praia',NULL,'F'),(60,42,'2000-09-26','Prata','Coletivo','Vôlei de Praia',NULL,'M'),(61,42,'2000-09-28','Bronze','Coletivo','Hipismo','Saltos','M'),(62,42,'2000-09-29','Prata','Individual','Vela','Laser','M'),(63,42,'2000-09-30','Bronze','Coletivo','Vela','Star','M'),(64,42,'2000-09-30','Bronze','Coletivo','Vôlei',NULL,'F'),(65,42,'2000-09-30','Bronze','Coletivo','Basquete',NULL,'F'),(66,42,'2000-09-30','Prata','Coletivo','Atletismo','Revezamento 4x100 metros rasos','M'),(67,44,'2004-08-16','Bronze','Individual','Judô','Peso leve (até 73 kgs)','M'),(68,44,'2004-08-17','Bronze','Individual','Judô','Peso meio-médio (até 81 kgs)','M'),(69,44,'2004-08-22','Ouro','Individual','Vela','Laser','M'),(70,44,'2004-08-24','Prata','Coletivo','Vôlei de Praia',NULL,'F'),(71,44,'2004-08-25','Ouro','Coletivo','Vôlei de Praia',NULL,'M'),(72,44,'2004-08-26','Prata','Coletivo','Futebol',NULL,'F'),(73,44,'2004-08-27','Ouro','Individual','Hipismo','Saltos','M'),(74,44,'2004-08-28','Ouro','Coletivo','Vela','Star','M'),(75,44,'2004-08-29','Ouro','Coletivo','Vôlei',NULL,'M'),(76,44,'2004-08-29','Bronze','Individual','Atletismo','Maratona','M'),(77,46,'2008-08-11','Bronze','Individual','Judô','Peso leve (até 57 kgs)','F'),(78,46,'2008-08-11','Bronze','Individual','Judô','Peso leve (até 73 kgs)','M'),(79,46,'2008-08-12','Bronze','Individual','Judô','Peso médio (até 81 kgs)','M'),(80,46,'2008-08-14','Bronze','Individual','Natação','100 metros nado livre','M'),(81,46,'2008-08-16','Ouro','Individual','Natação','50 metros nado livre','M'),(82,46,'2008-08-18','Bronze','Coletivo','Vela','470','F'),(83,46,'2008-08-21','Prata','Coletivo','Vela','Star','M'),(84,46,'2008-08-21','Prata','Coletivo','Futebol',NULL,'F'),(85,46,'2008-08-22','Bronze','Coletivo','Vôlei de Praia',NULL,'M'),(86,46,'2008-08-22','Prata','Coletivo','Vôlei de Praia',NULL,'M'),(87,46,'2008-08-22','Ouro','Individual','Atletismo','Salto em distância','F'),(88,46,'2008-08-22','Bronze','Coletivo','Futebol',NULL,'M'),(89,46,'2008-08-22','Bronze','Coletivo','Atletismo','Revezamento 4x100 metros rasos','F'),(90,46,'2008-08-22','Bronze','Coletivo','Atletismo','Revezamento 4x100 metros rasos','M'),(91,46,'2008-08-23','Bronze','Individual','Taekwondo','Peso pesado (acima de 67 kgs)','F'),(92,46,'2008-08-23','Ouro','Coletivo','Vôlei',NULL,'F'),(93,46,'2008-08-24','Prata','Coletivo','Vôlei',NULL,'M'),(94,48,'2012-07-28','Bronze','Individual','Judô','Peso ligeiro (até 60 kgs)','M'),(95,48,'2012-07-28','Ouro','Individual','Judô','Peso ligeiro (até 48 kgs)','F'),(96,48,'2012-07-28','Prata','Individual','Natação','400 metros nado medley','M'),(97,48,'2012-08-02','Bronze','Individual','Judô','Peso meio-pesado (até 78 kgs)','F'),(98,48,'2012-08-03','Bronze','Individual','Judô','Peso pesado (até 100 kgs)','M'),(99,48,'2012-08-03','Bronze','Individual','Natação','50 metros nado livre','M'),(100,48,'2012-08-05','Bronze','Coletivo','Vela','Star','M'),(101,48,'2012-08-06','Ouro','Individual','Ginástica Artística','Argolas','M'),(102,48,'2012-08-08','Bronze','Individual','Boxe','Peso leve (até 60 kgs)','F'),(103,48,'2012-08-08','Bronze','Coletivo','Vôlei de Praia',NULL,'F'),(104,48,'2012-08-09','Prata','Coletivo','Vôlei de Praia',NULL,'M'),(105,48,'2012-08-10','Bronze','Individual','Boxe','Peso meio-pesado (até 81 kgs)','M'),(106,48,'2012-08-10','Prata','Individual','Boxe','Peso médio (até 75 kgs)','M'),(107,48,'2012-08-11','Prata','Coletivo','Futebol',NULL,'M'),(108,48,'2012-08-11','Ouro','Coletivo','Vôlei',NULL,'F'),(109,48,'2012-08-12','Prata','Coletivo','Vôlei',NULL,'M'),(110,48,'2012-08-12','Bronze','Individual','Pentatlo Moderno',NULL,'F'),(111,50,'2016-08-06','Prata','Individual','Tiro Esportivo','Pistola de ar 10 metros','M'),(112,50,'2016-08-08','Ouro','Individual','Judô','Peso leve (até 57 kgs)','F'),(113,50,'2016-08-11','Bronze','Individual','Judô','Peso meio-pesado (até 78 kgs)','F'),(114,50,'2016-08-12','Bronze','Individual','Judô','Peso pesado (até 100 kgs)','M'),(115,50,'2016-08-14','Bronze','Individual','Ginástica Artística','Solo','M'),(116,50,'2016-08-14','Prata','Individual','Ginástica Artística','Solo','M'),(117,50,'2016-08-15','Bronze','Individual','Maratona Aquática','10 quilômetros','F'),(118,50,'2016-08-15','Prata','Individual','Ginástica Artística','Argolas','M'),(119,50,'2016-08-15','Ouro','Individual','Atletismo','Salto com vara','M'),(120,50,'2016-08-16','Prata','Individual','Canoagem','C1 1000 metros','M'),(121,50,'2016-08-16','Ouro','Individual','Boxe','Peso leve (até 60 kgs)','M'),(122,50,'2016-08-17','Prata','Coletivo','Vôlei de Praia',NULL,'F'),(123,50,'2016-08-18','Bronze','Individual','Canoagem','C2 200 metros','M'),(124,50,'2016-08-18','Ouro','Coletivo','Vela','49er FX','F'),(125,50,'2016-08-18','Ouro','Coletivo','Vôlei de Praia',NULL,'M'),(126,50,'2016-08-20','Prata','Coletivo','Canoagem','C2 1000 metros','M'),(127,50,'2016-08-20','Ouro','Coletivo','Futebol',NULL,'M'),(128,50,'2016-08-20','Bronze','Individual','Taekwondo','Peso pesado (acima de 80 kgs)','M'),(129,50,'2016-08-21','Ouro','Coletivo','Vôlei',NULL,'M'),(130,52,'2021-07-25','Prata','Individual','Skate','Street','M'),(131,52,'2021-07-25','Bronze','Individual','Judô','Peso meio-leve (até 66 kgs)','M'),(132,52,'2021-07-26','Prata','Individual','Skate','Street','F'),(133,52,'2021-07-27','Bronze','Individual','Natação','200 metros nado livre','M'),(134,52,'2021-07-27','Ouro','Individual','Surfe',NULL,'M'),(135,52,'2021-07-29','Bronze','Individual','Judô','Peso meio-pesado (até 78 kgs)','F'),(136,52,'2021-07-29','Prata','Individual','Ginástica Artística','Individual geral','F'),(137,52,'2021-07-29','Bronze','Coletivo','Tênis','Duplas femininas','F'),(138,52,'2021-08-01','Bronze','Individual','Natação','50 metros nado livre','M'),(139,52,'2021-08-01','Ouro','Individual','Ginástica Artística','Salto','F'),(140,52,'2021-08-03','Bronze','Individual','Atletismo','400 metros com barreiras','M'),(141,52,'2021-08-03','Ouro','Coletivo','Vela','49er FX','F'),(142,52,'2021-08-03','Bronze','Individual','Boxe','Peso pesado (até 91 kgs)','M'),(143,52,'2021-08-03','Bronze','Individual','Atletismo','Salto com vara','M'),(144,52,'2021-08-04','Ouro','Individual','Maratona Aquática','10 quilômetros','F'),(145,52,'2021-08-05','Prata','Individual','Skate','Park','M'),(146,52,'2021-08-07','Ouro','Individual','Canoagem','C1 1000 metros','M'),(147,52,'2021-08-07','Ouro','Individual','Boxe','Peso médio (até 75 kgs)','M'),(148,52,'2021-08-07','Ouro','Coletivo','Futebol',NULL,'M'),(149,52,'2021-08-08','Prata','Individual','Boxe','Peso leve (até 60 kgs)','F'),(150,52,'2021-08-08','Prata','Coletivo','Vôlei',NULL,'F'),(151,54,'2024-07-28','Prata','Individual','Judô','Peso meio-leve (até 66 kgs)','M'),(152,54,'2024-07-28','Bronze','Individual','Judô','Peso meio-leve (até 52 kgs)','F'),(153,54,'2024-07-28','Bronze','Individual','Skate','Street','F'),(154,54,'2024-07-30','Bronze','Coletivo','Ginástica Artística','Equipes','F'),(155,54,'2024-08-01','Prata','Individual','Atletismo','Marcha atlética (20 km)','M'),(156,54,'2024-08-01','Prata','Individual','Ginástica Artística','Individual geral','F'),(157,54,'2024-08-02','Ouro','Individual','Judô','Peso pesado (acima de 78 kgs)','F'),(158,54,'2024-08-03','Bronze','Coletivo','Judô','Equipes mistas','F&M'),(159,54,'2024-08-03','Prata','Individual','Ginástica Artística','Salto','F'),(160,54,'2024-08-03','Bronze','Individual','Boxe','Peso leve (até 60 kgs)','F'),(161,54,'2024-08-05','Ouro','Individual','Ginástica Artística','Solo','F'),(162,54,'2024-08-05','Bronze','Individual','Surfe',NULL,'M'),(163,54,'2024-08-05','Prata','Individual','Surfe',NULL,'F'),(164,54,'2024-08-07','Bronze','Individual','Skate','Park','M'),(165,54,'2024-08-08','Bronze','Individual','Taekwondo','Peso leve (até 68 kgs)','M'),(166,54,'2024-08-09','Prata','Individual','Canoagem','C1 1000 metros','M'),(167,54,'2024-08-09','Bronze','Individual','Atletismo','400 metros com barreiras','M'),(168,54,'2024-08-09','Ouro','Coletivo','Vôlei de Praia',NULL,'F'),(169,54,'2024-08-10','Prata','Coletivo','Futebol',NULL,'F'),(170,54,'2024-08-10','Bronze','Coletivo','Vôlei',NULL,'F');
/*!40000 ALTER TABLE `medalha` ENABLE KEYS */;
UNLOCK TABLES;

--
-- Table structure for table `medalhascomatletas`
--

DROP TABLE IF EXISTS `medalhascomatletas`;
/*!40101 SET @saved_cs_client     = @@character_set_client */;
/*!50503 SET character_set_client = utf8mb4 */;
CREATE TABLE `medalhascomatletas` (
  `ID` int NOT NULL,
  `MedalhaID` int NOT NULL,
  `AtletaID` int NOT NULL,
  `EdicaoID` int DEFAULT NULL,
  PRIMARY KEY (`ID`),
  UNIQUE KEY `ID_UNIQUE` (`ID`)
) ENGINE=InnoDB DEFAULT CHARSET=utf8mb4 COLLATE=utf8mb4_0900_ai_ci;
/*!40101 SET character_set_client = @saved_cs_client */;

--
-- Dumping data for table `medalhascomatletas`
--

LOCK TABLES `medalhascomatletas` WRITE;
/*!40000 ALTER TABLE `medalhascomatletas` DISABLE KEYS */;
INSERT INTO `medalhascomatletas` VALUES (1,1,1,6),(2,1,2,6),(3,1,3,6),(4,1,4,6),(5,1,5,6),(6,2,1,6),(7,3,4,6),(8,4,6,16),(9,4,7,16),(10,4,8,16),(11,4,9,16),(12,4,10,16),(13,4,11,16),(14,4,12,16),(15,4,13,16),(16,4,14,16),(17,4,15,16),(18,5,16,18),(19,6,17,18),(20,7,18,18),(21,8,17,20),(22,9,19,22),(23,10,15,22),(24,10,20,22),(25,10,21,22),(26,10,22,22),(27,10,23,22),(28,10,24,22),(29,10,25,22),(30,10,26,22),(31,10,27,22),(32,10,28,22),(33,10,29,22),(34,10,30,22),(35,11,20,24),(36,11,24,24),(37,11,21,24),(38,11,31,24),(39,11,32,24),(40,11,23,24),(41,11,26,24),(42,11,33,24),(43,11,27,24),(44,11,34,24),(45,11,35,24),(46,11,30,24),(47,12,36,26),(48,13,37,26),(49,13,38,26),(50,14,39,26),(51,15,40,28),(52,16,36,28),(53,17,38,30),(54,17,41,30),(55,18,42,30),(56,19,43,32),(57,19,44,32),(58,19,45,32),(59,19,46,32),(60,20,42,32),(61,21,47,32),(62,21,48,32),(63,22,49,32),(64,22,50,32),(65,23,51,34),(66,24,52,34),(67,25,53,34),(68,26,54,34),(69,26,55,34),(70,26,56,34),(71,27,57,34),(72,28,58,34),(73,29,59,34),(74,29,60,34),(75,29,61,34),(76,29,62,34),(77,29,63,34),(78,29,64,34),(79,29,65,34),(80,29,66,34),(81,29,67,34),(82,29,68,34),(83,29,69,34),(84,29,70,34),(85,30,71,34),(86,30,72,34),(87,30,73,34),(88,30,74,34),(89,30,75,34),(90,30,76,34),(91,30,77,34),(92,30,78,34),(93,30,79,34),(94,30,80,34),(95,30,81,34),(96,30,82,34),(97,30,83,34),(98,30,84,34),(99,30,85,34),(100,30,86,34),(101,30,87,34),(102,31,53,36),(103,32,88,36),(104,32,89,36),(105,33,56,36),(106,33,90,36),(107,34,91,36),(108,35,92,36),(109,36,71,36),(110,36,79,36),(111,36,93,36),(112,36,94,36),(113,36,95,36),(114,36,96,36),(115,36,97,36),(116,36,98,36),(117,36,99,36),(118,36,100,36),(119,36,101,36),(120,36,102,36),(121,36,103,36),(122,36,104,36),(123,36,105,36),(124,36,106,36),(125,36,107,36),(126,36,108,36),(127,36,109,36),(128,36,110,36),(129,37,111,38),(130,38,112,38),(131,39,59,38),(132,39,113,38),(133,39,114,38),(134,39,115,38),(135,39,116,38),(136,39,117,38),(137,39,118,38),(138,39,119,38),(139,39,120,38),(140,39,121,38),(141,39,122,38),(142,39,123,38),(143,40,111,40),(144,41,92,40),(145,42,111,40),(146,43,124,40),(147,44,125,40),(148,45,126,40),(149,45,127,40),(150,46,128,40),(151,46,129,40),(152,47,56,40),(153,47,130,40),(154,48,89,40),(155,48,131,40),(156,49,132,40),(157,50,133,40),(158,50,134,40),(159,50,135,40),(160,50,136,40),(161,51,97,40),(162,51,137,40),(163,51,138,40),(164,51,139,40),(165,51,140,40),(166,51,141,40),(167,51,142,40),(168,51,143,40),(169,51,144,40),(170,51,145,40),(171,51,146,40),(172,51,147,40),(173,51,148,40),(174,51,149,40),(175,51,150,40),(176,51,151,40),(177,51,152,40),(178,52,153,40),(179,52,154,40),(180,52,155,40),(181,52,156,40),(182,52,157,40),(183,52,158,40),(184,52,159,40),(185,52,160,40),(186,52,161,40),(187,52,162,40),(188,52,163,40),(189,52,164,40),(190,53,91,40),(191,53,165,40),(192,53,166,40),(193,53,167,40),(194,54,168,40),(195,54,169,40),(196,54,170,40),(197,54,171,40),(198,54,172,40),(199,54,173,40),(200,54,174,40),(201,54,175,40),(202,54,176,40),(203,54,177,40),(204,54,178,40),(205,54,179,40),(206,55,111,42),(207,55,125,42),(208,55,180,42),(209,55,181,42),(210,56,182,42),(211,57,183,42),(212,58,127,42),(213,58,128,42),(214,59,184,42),(215,59,185,42),(216,60,186,42),(217,60,187,42),(218,61,133,42),(219,61,134,42),(220,61,135,42),(221,61,136,42),(222,62,132,42),(223,63,56,42),(224,63,130,42),(225,64,158,42),(226,64,161,42),(227,64,164,42),(228,64,188,42),(229,64,189,42),(230,64,190,42),(231,64,191,42),(232,64,192,42),(233,64,193,42),(234,64,194,42),(235,64,195,42),(236,64,196,42),(237,65,168,42),(238,65,169,42),(239,65,171,42),(240,65,174,42),(241,65,177,42),(242,65,179,42),(243,65,197,42),(244,65,198,42),(245,65,199,42),(246,65,200,42),(247,65,201,42),(248,65,202,42),(249,66,165,42),(250,66,167,42),(251,66,203,42),(252,66,204,42),(254,66,205,42),(255,67,206,44),(256,68,207,44),(257,69,132,44),(258,70,184,44),(259,70,185,44),(260,71,186,44),(261,71,208,44),(262,72,209,44),(263,72,210,44),(264,72,211,44),(265,72,212,44),(266,72,213,44),(267,72,214,44),(268,72,215,44),(269,72,216,44),(270,72,217,44),(271,72,218,44),(272,72,219,44),(273,72,220,44),(274,72,221,44),(275,72,222,44),(276,72,223,44),(277,72,224,44),(278,72,225,44),(279,72,226,44),(280,72,227,44),(281,73,136,44),(282,74,56,44),(283,74,130,44),(284,75,115,44),(285,75,119,44),(286,75,228,44),(287,75,229,44),(288,75,230,44),(289,75,231,44),(290,75,232,44),(291,75,233,44),(292,75,234,44),(293,75,235,44),(294,75,236,44),(295,75,237,44),(296,76,238,44),(297,77,239,46),(298,78,206,46),(299,79,182,46),(300,80,240,46),(301,81,240,46),(302,82,241,46),(303,82,242,46),(304,83,132,46),(305,83,243,46),(306,84,210,46),(307,84,211,46),(308,84,212,46),(309,84,215,46),(310,84,220,46),(311,84,221,46),(312,84,223,46),(313,84,224,46),(314,84,225,46),(315,84,227,46),(316,84,244,46),(317,84,245,46),(318,84,246,46),(319,84,247,46),(320,84,248,46),(321,84,249,46),(322,84,250,46),(323,84,251,46),(324,85,186,46),(325,85,208,46),(326,86,252,46),(327,86,253,46),(328,87,254,46),(329,88,255,46),(330,88,256,46),(331,88,257,46),(332,88,258,46),(333,88,259,46),(334,88,260,46),(335,88,261,46),(336,88,262,46),(337,88,263,46),(338,88,264,46),(339,88,265,46),(340,88,266,46),(341,88,267,46),(342,88,268,46),(343,88,269,46),(344,88,270,46),(345,88,271,46),(346,88,272,46),(347,89,273,46),(348,89,274,46),(349,89,275,46),(350,89,276,46),(351,90,205,46),(352,90,277,46),(353,90,278,46),(354,90,279,46),(355,91,280,46),(356,92,158,46),(357,92,196,46),(358,92,281,46),(359,92,282,46),(360,92,283,46),(361,92,284,46),(362,92,285,46),(363,92,286,46),(364,92,287,46),(365,92,288,46),(366,92,289,46),(367,92,290,46),(368,93,228,46),(369,93,229,46),(370,93,230,46),(371,93,231,46),(372,93,232,46),(373,93,233,46),(374,93,235,46),(375,93,237,46),(376,93,291,46),(377,93,292,46),(378,93,293,46),(379,93,294,46),(380,94,295,48),(381,95,296,48),(382,96,297,48),(383,97,298,48),(384,98,299,48),(385,99,240,48),(386,100,132,48),(387,100,243,48),(388,101,300,48),(389,102,301,48),(390,103,302,48),(391,103,303,48),(392,104,208,48),(393,104,304,48),(394,105,305,48),(395,106,306,48),(396,107,256,48),(397,107,265,48),(398,107,272,48),(399,107,307,48),(400,107,308,48),(401,107,309,48),(402,107,310,48),(403,107,311,48),(404,107,312,48),(405,107,313,48),(406,107,314,48),(407,107,315,48),(408,107,316,48),(409,107,317,48),(410,107,318,48),(411,107,319,48),(412,107,320,48),(413,107,321,48),(414,108,282,48),(415,108,283,48),(416,108,284,48),(417,108,286,48),(418,108,288,48),(419,108,289,48),(420,108,322,48),(421,108,323,48),(422,108,324,48),(423,108,325,48),(424,108,326,48),(425,108,327,48),(426,109,232,48),(427,109,233,48),(428,109,235,48),(429,109,236,48),(430,109,237,48),(431,109,291,48),(432,109,293,48),(433,109,328,48),(434,109,329,48),(435,109,330,48),(436,109,331,48),(437,109,332,48),(438,110,333,48),(439,111,334,50),(440,112,335,50),(441,113,298,50),(442,114,299,50),(443,115,336,50),(444,116,337,50),(445,117,338,50),(446,118,300,50),(447,119,339,50),(448,120,340,50),(449,121,341,50),(450,122,342,50),(451,122,343,50),(452,123,340,50),(453,124,344,50),(454,124,345,50),(455,125,304,50),(456,125,346,50),(457,126,340,50),(458,126,347,50),(459,127,315,50),(460,127,348,50),(461,127,349,50),(462,127,350,50),(463,127,351,50),(464,127,352,50),(465,127,353,50),(466,127,354,50),(467,127,355,50),(468,127,356,50),(469,127,357,50),(470,127,358,50),(471,127,359,50),(472,127,360,50),(473,127,361,50),(474,127,362,50),(475,127,363,50),(476,127,364,50),(477,128,365,50),(478,129,237,50),(479,129,291,50),(480,129,329,50),(481,129,332,50),(482,129,366,50),(483,129,367,50),(484,129,368,50),(485,129,369,50),(486,129,370,50),(487,129,371,50),(488,129,372,50),(489,129,373,50),(490,130,374,52),(491,131,375,52),(492,132,376,52),(493,133,377,52),(494,134,378,52),(495,135,298,52),(496,136,379,52),(497,137,380,52),(498,137,381,52),(499,138,382,52),(500,139,379,52),(501,140,383,52),(502,141,344,52),(503,141,345,52),(504,142,384,52),(505,143,339,52),(506,144,385,52),(507,145,386,52),(508,146,340,52),(509,147,387,52),(510,148,388,52),(511,148,389,52),(512,148,390,52),(513,148,391,52),(514,148,392,52),(515,148,393,52),(516,148,394,52),(517,148,395,52),(518,148,396,52),(519,148,397,52),(520,148,398,52),(521,148,399,52),(522,148,400,52),(523,148,401,52),(524,148,402,52),(525,148,403,52),(526,148,404,52),(527,148,405,52),(528,148,406,52),(529,148,407,52),(530,148,408,52),(531,148,409,52),(532,149,410,52),(533,150,325,52),(534,150,326,52),(535,150,327,52),(536,150,411,52),(537,150,412,52),(538,150,413,52),(539,150,414,52),(540,150,415,52),(541,150,416,52),(542,150,417,52),(543,150,418,52),(544,150,419,52),(545,151,420,54),(546,152,421,54),(547,153,376,54),(548,154,379,54),(549,154,422,54),(550,154,423,54),(551,154,424,54),(552,154,425,54),(553,155,426,54),(554,156,379,54),(555,157,427,54),(556,158,239,54),(557,158,299,54),(558,158,335,54),(559,158,375,54),(560,158,420,54),(561,158,421,54),(562,158,427,54),(563,158,428,54),(564,158,429,54),(565,158,430,54),(566,159,379,54),(567,160,410,54),(568,161,379,54),(569,162,431,54),(570,163,432,54),(571,164,433,54),(572,165,434,54),(573,166,340,54),(574,167,383,54),(575,168,435,54),(576,168,436,54),(577,169,220,54),(578,169,437,54),(579,169,438,54),(580,169,439,54),(581,169,440,54),(582,169,441,54),(583,169,442,54),(584,169,443,54),(585,169,444,54),(586,169,445,54),(587,169,446,54),(588,169,447,54),(589,169,448,54),(590,169,449,54),(591,169,450,54),(592,169,451,54),(593,169,452,54),(594,169,453,54),(595,169,454,54),(596,169,455,54),(597,169,456,54),(598,169,457,54),(599,170,289,54),(600,170,412,54),(601,170,413,54),(602,170,416,54),(603,170,417,54),(604,170,418,54),(605,170,419,54),(606,170,458,54),(607,170,459,54),(608,170,460,54),(609,170,461,54),(610,170,462,54),(611,170,463,54);
/*!40000 ALTER TABLE `medalhascomatletas` ENABLE KEYS */;
UNLOCK TABLES;

--
-- Dumping events for database 'newschema'
--

--
-- Dumping routines for database 'newschema'
--
/*!40103 SET TIME_ZONE=@OLD_TIME_ZONE */;

/*!40101 SET SQL_MODE=@OLD_SQL_MODE */;
/*!40014 SET FOREIGN_KEY_CHECKS=@OLD_FOREIGN_KEY_CHECKS */;
/*!40014 SET UNIQUE_CHECKS=@OLD_UNIQUE_CHECKS */;
/*!40101 SET CHARACTER_SET_CLIENT=@OLD_CHARACTER_SET_CLIENT */;
/*!40101 SET CHARACTER_SET_RESULTS=@OLD_CHARACTER_SET_RESULTS */;
/*!40101 SET COLLATION_CONNECTION=@OLD_COLLATION_CONNECTION */;
/*!40111 SET SQL_NOTES=@OLD_SQL_NOTES */;

-- Dump completed on 2024-08-13 19:36:03
